date,new_cases_japan,new_cases_saitama,new_cases_tokyo
2020-01-16,1,0,0
2020-01-17,0,0,0
2020-01-18,0,0,0
2020-01-19,0,0,0
2020-01-20,0,0,0
2020-01-21,0,0,0
2020-01-22,0,0,0
2020-01-23,0,0,0
2020-01-24,1,0,1
2020-01-25,1,0,1
2020-01-26,1,0,0
2020-01-27,0,0,0
2020-01-28,3,0,0
2020-01-29,1,0,0
2020-01-30,5,0,1
2020-01-31,1,0,0
2020-02-01,1,1,0
2020-02-02,0,0,0
2020-02-03,0,0,0
2020-02-04,1,0,0
2020-02-05,2,0,0
2020-02-06,0,0,0
2020-02-07,0,0,0
2020-02-08,0,0,0
2020-02-09,0,0,0
2020-02-10,1,1,0
2020-02-11,2,0,0
2020-02-12,0,0,0
2020-02-13,4,0,1
2020-02-14,8,1,2
2020-02-15,12,0,8
2020-02-16,6,0,5
2020-02-17,6,0,0
2020-02-18,9,0,3
2020-02-19,9,0,3
2020-02-20,7,0,0
2020-02-21,14,1,3
2020-02-22,25,0,1
2020-02-23,11,0,0
2020-02-24,13,0,3
2020-02-25,11,0,0
2020-02-26,19,0,3
2020-02-27,24,0,1
2020-02-28,19,0,0
2020-02-29,9,0,1
2020-03-01,14,0,2
2020-03-02,17,0,0
2020-03-03,19,0,1
2020-03-04,34,0,4
2020-03-05,32,2,8
2020-03-06,56,3,6
2020-03-07,43,0,6
2020-03-08,34,1,0
2020-03-09,27,0,0
2020-03-10,61,5,3
2020-03-11,52,2,6
2020-03-12,54,6,2
2020-03-13,40,7,2
2020-03-14,55,2,10
2020-03-15,33,0,3
2020-03-16,16,0,0
2020-03-17,40,5,12
2020-03-18,45,1,9
2020-03-19,40,4,7
2020-03-20,49,3,11
2020-03-21,36,3,7
2020-03-22,45,6,3
2020-03-23,39,1,16
2020-03-24,72,7,18
2020-03-25,91,1,41
2020-03-26,93,7,46
2020-03-27,116,6,40
2020-03-28,196,6,64
2020-03-29,169,5,72
2020-03-30,72,1,12
2020-03-31,246,15,78
2020-04-01,266,3,67
2020-04-02,279,15,98
2020-04-03,342,17,92
2020-04-04,370,18,118
2020-04-05,355,30,141
2020-04-06,243,16,85
2020-04-07,367,17,87
2020-04-08,516,34,156
2020-04-09,580,35,183
2020-04-10,640,53,199
2020-04-11,663,37,198
2020-04-12,519,40,174
2020-04-13,321,15,100
2020-04-14,459,22,159
2020-04-15,551,61,127
2020-04-16,583,51,151
2020-04-17,567,26,206
2020-04-18,576,37,186
2020-04-19,385,37,109
2020-04-20,325,12,101
2020-04-21,388,10,123
2020-04-22,421,39,123
2020-04-23,424,33,134
2020-04-24,394,18,170
2020-04-25,322,22,119
2020-04-26,217,19,82
2020-04-27,172,8,41
2020-04-28,279,7,113
2020-04-29,227,15,47
2020-04-30,201,12,59
2020-05-01,268,5,165
2020-05-02,298,21,154
2020-05-03,203,12,93
2020-05-04,177,5,87
2020-05-05,120,6,57
2020-05-06,103,9,37
2020-05-07,94,14,23
2020-05-08,88,11,39
2020-05-09,115,16,36
2020-05-10,67,5,22
2020-05-11,45,2,15
2020-05-12,77,1,27
2020-05-13,55,4,10
2020-05-14,100,4,30
2020-05-15,50,2,9
2020-05-16,55,5,14
2020-05-17,26,4,5
2020-05-18,31,3,10
2020-05-19,26,0,5
2020-05-20,37,5,5
2020-05-21,40,1,11
2020-05-22,24,1,3
2020-05-23,26,1,2
2020-05-24,40,0,14
2020-05-25,20,0,8
2020-05-26,24,0,10
2020-05-27,33,0,11
2020-05-28,61,2,15
2020-05-29,63,2,21
2020-05-30,41,0,14
2020-05-31,32,0,5
2020-06-01,36,0,13
2020-06-02,50,0,34
2020-06-03,26,2,12
2020-06-04,44,0,28
2020-06-05,39,1,20
2020-06-06,47,1,26
2020-06-07,32,0,14
2020-06-08,21,0,13
2020-06-09,30,1,12
2020-06-10,36,6,18
2020-06-11,41,3,22
2020-06-12,56,2,25
2020-06-13,42,0,24
2020-06-14,61,2,47
2020-06-15,60,0,48
2020-06-16,42,1,27
2020-06-17,43,1,16
2020-06-18,67,2,41
2020-06-19,55,2,35
2020-06-20,64,4,39
2020-06-21,48,7,34
2020-06-22,40,4,29
2020-06-23,53,12,31
2020-06-24,88,9,55
2020-06-25,80,11,48
2020-06-26,98,16,54
2020-06-27,89,11,57
2020-06-28,111,8,60
2020-06-29,110,13,58
2020-06-30,132,10,54
2020-07-01,126,14,67
2020-07-02,193,19,107
2020-07-03,249,26,124
2020-07-04,269,27,131
2020-07-05,195,21,111
2020-07-06,174,16,102
2020-07-07,202,27,106
2020-07-08,206,48,75
2020-07-09,350,22,224
2020-07-10,418,44,243
2020-07-11,375,35,206
2020-07-12,388,31,206
2020-07-13,246,26,118
2020-07-14,328,42,143
2020-07-15,436,38,165
2020-07-16,621,49,286
2020-07-17,589,51,293
2020-07-18,648,48,290
2020-07-19,503,38,188
2020-07-20,409,28,168
2020-07-21,616,47,237
2020-07-22,786,62,238
2020-07-23,966,64,366
2020-07-24,769,45,260
2020-07-25,779,35,295
2020-07-26,855,33,239
2020-07-27,573,23,131
2020-07-28,961,55,266
2020-07-29,1254,53,250
2020-07-30,1307,57,367
2020-07-31,1588,57,462
2020-08-01,1539,74,472
2020-08-02,1311,74,292
2020-08-03,953,49,258
2020-08-04,1244,49,309
2020-08-05,1344,64,263
2020-08-06,1470,65,360
2020-08-07,1606,50,461
2020-08-08,1532,84,429
2020-08-09,1468,56,331
2020-08-10,822,42,197
2020-08-11,691,36,188
2020-08-12,971,45,222
2020-08-13,1172,56,206
2020-08-14,1350,56,389
2020-08-15,1238,52,385
2020-08-16,1000,56,260
2020-08-17,641,35,161
2020-08-18,896,24,207
2020-08-19,1079,62,186
2020-08-20,1177,71,339
2020-08-21,1040,50,258
2020-08-22,980,66,256
2020-08-23,742,31,212
2020-08-24,492,30,95
2020-08-25,703,35,182
2020-08-26,891,54,236
2020-08-27,859,69,250
2020-08-28,871,56,226
2020-08-29,844,55,247
2020-08-30,597,42,148
2020-08-31,427,25,100
2020-09-01,635,46,170
2020-09-02,571,40,141
2020-09-03,647,42,211
2020-09-04,586,24,136
2020-09-05,600,22,181
2020-09-06,446,21,116
2020-09-07,280,14,76
2020-09-08,511,12,170
2020-09-09,509,25,149
2020-09-10,706,30,276
2020-09-11,633,25,187
2020-09-12,634,36,226
2020-09-13,444,22,146
2020-09-14,262,16,80
2020-09-15,520,19,191
2020-09-16,542,29,163
2020-09-17,485,20,171
2020-09-18,561,24,220
2020-09-19,597,23,218
2020-09-20,471,16,162
2020-09-21,307,15,97
2020-09-22,315,14,88
2020-09-23,227,12,59
2020-09-24,473,21,193
2020-09-25,568,27,195
2020-09-26,635,23,269
2020-09-27,477,35,144
2020-09-28,296,20,78
2020-09-29,524,25,211
2020-09-30,569,28,194
2020-10-01,618,33,234
2020-10-02,538,30,196
2020-10-03,557,50,205
2020-10-04,398,35,107
2020-10-05,268,20,65
2020-10-06,490,20,176
2020-10-07,505,39,140
2020-10-08,618,44,248
2020-10-09,594,28,203
2020-10-10,663,100,248
2020-10-11,436,30,146
2020-10-12,275,18,78
2020-10-13,491,31,166
2020-10-14,551,47,177
2020-10-15,704,57,284
2020-10-16,631,52,183
2020-10-17,609,45,235
2020-10-18,422,40,132
2020-10-19,305,22,78
2020-10-20,474,33,139
2020-10-21,620,50,145
2020-10-22,602,45,185
2020-10-23,750,40,186
2020-10-24,708,41,201
2020-10-25,488,17,124
2020-10-26,405,34,102
2020-10-27,643,29,158
2020-10-28,725,44,171
2020-10-29,802,39,220
2020-10-30,772,61,203
2020-10-31,866,29,215
2020-11-01,604,33,116
2020-11-02,480,26,87
2020-11-03,861,30,209
2020-11-04,607,42,122
2020-11-05,1045,32,269
2020-11-06,1137,114,242
2020-11-07,1292,69,294
2020-11-08,945,44,189
2020-11-09,770,51,156
2020-11-10,1279,67,293
2020-11-11,1535,116,316
2020-11-12,1633,75,392
2020-11-13,1693,83,374
2020-11-14,1725,104,352
2020-11-15,1426,80,255
2020-11-16,947,87,180
2020-11-17,1694,88,298
2020-11-18,2160,126,486
2020-11-19,2371,108,531
2020-11-20,2418,96,522
2020-11-21,2586,172,539
2020-11-22,2143,113,390
2020-11-23,1512,89,315
2020-11-24,1212,43,188
2020-11-25,1922,99,402
2020-11-26,2499,159,482
2020-11-27,2507,103,570
2020-11-28,2674,118,561
2020-11-29,2051,138,419
2020-11-30,1425,65,312
2020-12-01,2011,103,370
2020-12-02,2417,150,501
2020-12-03,2512,149,532
2020-12-04,2434,163,459
2020-12-05,2513,168,584
2020-12-06,2022,162,328
2020-12-07,1512,90,301
2020-12-08,2158,172,354
2020-12-09,2802,145,574
2020-12-10,2961,187,601
2020-12-11,2801,184,596
2020-12-12,3023,199,621
2020-12-13,2379,143,481
2020-12-14,1650,102,305
2020-12-15,2424,170,457
2020-12-16,2977,179,681
2020-12-17,3212,196,822
2020-12-18,2835,201,664
2020-12-19,3050,226,736
2020-12-20,2392,158,556
2020-12-21,1808,117,397
2020-12-22,2672,196,570
2020-12-23,3262,230,758
2020-12-24,3730,251,895
2020-12-25,3841,296,890
2020-12-26,3879,265,954
2020-12-27,2928,211,708
2020-12-28,2387,184,491
2020-12-29,3617,298,869
2020-12-30,3863,244,961
2020-12-31,4524,330,1353
2021-01-01,3249,220,793
2021-01-02,3055,213,829
2021-01-03,3136,205,826
2021-01-04,3333,243,905
2021-01-05,4936,368,1315
2021-01-06,6044,394,1640
2021-01-07,7641,459,2520
2021-01-08,7945,496,2459
2021-01-09,7823,517,2332
2021-01-10,6112,414,1510
2021-01-11,4895,346,1252
2021-01-12,4594,260,1025
2021-01-13,5904,391,1480
2021-01-14,6660,455,1552
2021-01-15,7161,489,2044
2021-01-16,7028,582,1839
2021-01-17,5766,433,1595
2021-01-18,4937,328,1217
2021-01-19,5325,421,1253
2021-01-20,5544,411,1286
2021-01-21,5663,435,1485
2021-01-22,5068,358,1184
2021-01-23,4713,325,1079
2021-01-24,3996,285,986
2021-01-25,2752,250,619
2021-01-26,3861,253,1026
2021-01-27,3967,247,976
2021-01-28,4127,291,1065
2021-01-29,3525,256,871
2021-01-30,3341,304,770
2021-01-31,2676,242,634
2021-02-01,1781,159,393
2021-02-02,2325,247,556
2021-02-03,2634,257,676
2021-02-04,2575,241,734
2021-02-05,2369,227,577
2021-02-06,2274,205,639
2021-02-07,1627,187,429
2021-02-08,1217,120,276
2021-02-09,1567,173,412
2021-02-10,1870,169,491
2021-02-11,1699,172,434
2021-02-12,1297,124,307
2021-02-13,1357,163,369
2021-02-14,1362,131,371
2021-02-15,959,94,266
2021-02-16,1307,114,350
2021-02-17,1445,130,378
2021-02-18,1538,210,445
2021-02-19,1296,141,353
2021-02-20,1229,121,327
2021-02-21,1028,84,272
2021-02-22,741,101,178
2021-02-23,1078,105,275
2021-02-24,916,59,213
2021-02-25,1070,111,340
2021-02-26,1054,100,270
2021-02-27,1215,118,337
2021-02-28,994,97,329
2021-03-01,683,61,121
2021-03-02,888,102,232
2021-03-03,1238,98,316
2021-03-04,1169,123,279
2021-03-05,1145,90,301
2021-03-06,1044,113,293
2021-03-07,1064,123,237
2021-03-08,598,65,116
2021-03-09,1125,106,290
2021-03-10,1309,135,340
2021-03-11,1314,126,335
2021-03-12,1270,155,304
2021-03-13,1316,183,330
2021-03-14,981,77,239
2021-03-15,688,72,175
2021-03-16,1132,96,300
2021-03-17,1519,132,409
2021-03-18,1487,115,323
2021-03-19,1456,135,303
2021-03-20,1516,133,342
2021-03-21,1110,79,256
2021-03-22,810,60,187
2021-03-23,1486,136,337
2021-03-24,1922,121,420
2021-03-25,1914,113,394
2021-03-26,2030,135,376
2021-03-27,2065,124,430
2021-03-28,1762,114,313
2021-03-29,1338,102,234
2021-03-30,2077,107,364
2021-03-31,2830,152,414
2021-04-01,2596,132,475
2021-04-02,2738,163,437
2021-04-03,2754,148,446
2021-04-04,2458,135,354
2021-04-05,1552,86,248
2021-04-06,2651,116,397
2021-04-07,3457,158,554
2021-04-08,3451,154,543
2021-04-09,3514,131,537
2021-04-10,3746,141,570
2021-04-11,2830,139,421
2021-04-12,2082,96,308
2021-04-13,3438,156,511
2021-04-14,4298,145,591
2021-04-15,4564,188,728
2021-04-16,4517,163,666
2021-04-17,4780,207,758
2021-04-18,4081,166,541
2021-04-19,2901,118,404
2021-04-20,4338,207,710
2021-04-21,5270,227,842
2021-04-22,5462,233,860
2021-04-23,5114,207,758
2021-04-24,5589,229,875
2021-04-25,4601,210,633
2021-04-26,3303,109,425
2021-04-27,4959,183,830
2021-04-28,5782,224,927
2021-04-29,5890,256,1028
2021-04-30,4684,146,698
2021-05-01,5959,236,1052
2021-05-02,5870,290,877
2021-05-03,4463,198,708
2021-05-04,4180,185,605
2021-05-05,4045,165,618
2021-05-06,4347,179,590
2021-05-07,6043,238,908
2021-05-08,7224,284,1126
2021-05-09,6488,279,1033
2021-05-10,4924,155,574
2021-05-11,6241,278,924
2021-05-12,7056,259,971
2021-05-13,6861,289,1011
2021-05-14,6268,256,853
2021-05-15,6412,246,771
2021-05-16,5246,216,543
2021-05-17,3692,135,420
2021-05-18,5223,186,732
2021-05-19,5809,192,769
2021-05-20,5710,228,844
2021-05-21,5244,182,647
2021-05-22,5036,181,600
2021-05-23,4025,164,532
2021-05-24,2714,83,340
2021-05-25,3895,128,540
2021-05-26,4524,164,744
2021-05-27,4119,130,680
2021-05-28,3705,105,613
2021-05-29,3588,155,541
2021-05-30,2867,122,446
2021-05-31,1787,67,259
2021-06-01,2637,114,471
2021-06-02,3032,132,487
2021-06-03,2827,122,509
2021-06-04,2578,102,472
2021-06-05,2650,119,435
2021-06-06,2018,81,350
2021-06-07,1275,44,237
2021-06-08,1882,83,370
2021-06-09,2223,121,440
2021-06-10,2040,110,436
2021-06-11,1933,87,435
2021-06-12,1939,83,467
2021-06-13,1380,65,302
2021-06-14,927,41,208
2021-06-15,1417,70,337
2021-06-16,1698,87,500
2021-06-17,1542,78,452
2021-06-18,1617,64,453
2021-06-19,1508,79,388
2021-06-20,1302,72,375
2021-06-21,863,53,236
2021-06-22,1432,93,436
2021-06-23,1775,108,620
2021-06-24,1666,119,570
2021-06-25,1707,100,563
2021-06-26,1618,96,535
2021-06-27,1278,85,386
2021-06-28,988,68,317
2021-06-29,1377,76,476
2021-06-30,1810,109,714
2021-07-01,1747,142,674
2021-07-02,1768,125,660
2021-07-03,1862,115,715
2021-07-04,1480,124,518
2021-07-05,1019,76,342
2021-07-06,1659,137,592
2021-07-07,2178,157,920
2021-07-08,2242,155,896
2021-07-09,2255,150,823
2021-07-10,2453,147,951
2021-07-11,2019,163,613
2021-07-12,1495,110,503
2021-07-13,2375,178,829
2021-07-14,3172,243,1150
2021-07-15,3410,328,1309
2021-07-16,3425,290,1272
2021-07-17,3872,318,1411
2021-07-18,3092,285,1008
2021-07-19,2327,199,727
2021-07-20,3749,314,1391
2021-07-21,4938,381,1839
2021-07-22,5380,510,1984
2021-07-23,4207,401,1367
2021-07-24,3596,345,1148
2021-07-25,5027,449,1785
2021-07-26,4676,449,1449
2021-07-27,7660,593,2889
2021-07-28,9625,869,3234
2021-07-29,10744,864,3920
2021-07-30,10816,853,3386
2021-07-31,12396,1036,4143
2021-08-01,10241,898,3134
2021-08-02,8405,762,2282
2021-08-03,12138,1053,3798
2021-08-04,14311,1188,4316
2021-08-05,15318,1220,5149
2021-08-06,15781,1215,4688
2021-08-07,15828,1449,4652
2021-08-08,14536,1364,4139
2021-08-09,12132,1160,2972
2021-08-10,10722,1166,2775
2021-08-11,16003,1227,4425
2021-08-12,19048,1528,5133
2021-08-13,20531,1695,5908
2021-08-14,20231,1800,5249
2021-08-15,17902,1773,4358
2021-08-16,15004,1301,3119
2021-08-17,20106,1633,4534
2021-08-18,24121,1451,5567
2021-08-19,25348,2169,5729
2021-08-20,25978,1824,5529
2021-08-21,25705,1875,5247
2021-08-22,22247,1695,4448
2021-08-23,16927,1331,2537
2021-08-24,21705,1316,4328
2021-08-25,24440,1614,4334
2021-08-26,24957,1707,4783
2021-08-27,24348,1524,4350
2021-08-28,22765,1608,3691
2021-08-29,19315,1462,3124
2021-08-30,13679,1106,1969
2021-08-31,17713,996,2926
2021-09-01,20022,1201,3176
2021-09-02,18203,1113,3097
2021-09-03,16696,923,2534
2021-09-04,16007,1075,2370
2021-09-05,12866,817,1854
2021-09-06,8241,450,974
2021-09-07,10596,647,1634
2021-09-08,12373,778,1840
2021-09-09,10374,697,1677
2021-09-10,8865,556,1246
2021-09-11,8804,780,1276
2021-09-12,6890,504,1072
2021-09-13,3799,251,615
2021-09-14,6383,506,1011
2021-09-15,6881,513,1058
2021-09-16,5685,360,832
2021-09-17,4857,348,790
2021-09-18,4723,261,865
2021-09-19,3466,224,563
2021-09-20,2230,155,301
2021-09-21,1793,121,258
2021-09-22,3378,192,538
2021-09-23,3633,239,533
2021-09-24,1970,141,239
2021-09-25,2709,211,382
2021-09-26,2146,131,302
2021-09-27,1159,78,155
2021-09-28,1743,97,250
2021-09-29,1980,153,268
2021-09-30,1571,94,219
2021-10-01,1444,105,196
2021-10-02,1226,73,197
2021-10-03,940,50,161
2021-10-04,571,42,87
2021-10-05,1055,67,140
2021-10-06,1099,75,149
2021-10-07,985,68,143
2021-10-08,823,25,135
2021-10-09,770,37,82
2021-10-10,577,28,59
2021-10-11,350,21,49
2021-10-12,621,25,73
2021-10-13,743,51,71
2021-10-14,617,35,61
2021-10-15,537,26,57
2021-10-16,506,22,65
2021-10-17,394,19,38
2021-10-18,226,14,28
2021-10-19,388,17,34
2021-10-20,370,12,39
2021-10-21,323,11,36
2021-10-22,334,17,25
2021-10-23,265,17,28
2021-10-24,213,6,16
2021-10-25,150,3,17
2021-10-26,321,8,28
2021-10-27,311,14,36
2021-10-28,283,15,21
2021-10-29,283,12,21
2021-10-30,290,13,21
2021-10-31,222,12,21
2021-11-01,77,3,9
2021-11-02,208,7,18
2021-11-03,253,7,24
2021-11-04,139,6,14
2021-11-05,233,10,25
2021-11-06,235,6,29
2021-11-07,146,2,20
2021-11-08,102,3,14
2021-11-09,195,14,28
2021-11-10,196,17,22
2021-11-11,212,8,31
2021-11-12,190,9,20
2021-11-13,192,10,22
2021-11-14,128,8,22
2021-11-15,74,11,7
2021-11-16,148,13,15
2021-11-17,188,16,26
2021-11-18,160,1,20
2021-11-19,151,12,16
2021-11-20,108,3,16
2021-11-21,139,7,20
2021-11-22,41,3,6
2021-11-23,112,6,16
2021-11-24,66,3,5
2021-11-25,111,10,26
2021-11-26,120,6,19
2021-11-27,122,10,16
2021-11-28,62,3,8
2021-11-29,71,7,8
2021-11-30,128,11,20
2021-12-01,117,11,21
2021-12-02,113,5,11
2021-12-03,136,13,13
2021-12-04,122,7,19
2021-12-05,97,3,18
2021-12-06,49,3,7
2021-12-07,107,4,17
2021-12-08,121,9,21
2021-12-09,143,16,15
2021-12-10,136,3,25
2021-12-11,136,9,20
2021-12-12,97,4,13
2021-12-13,53,2,7
2021-12-14,144,7,24
2021-12-15,161,13,29
2021-12-16,161,8,30
2021-12-17,166,6,18
2021-12-18,172,11,28
2021-12-19,158,10,33
2021-12-20,107,2,11
2021-12-21,215,7,37
2021-12-22,221,9,39
2021-12-23,247,3,36
2021-12-24,260,7,36
2021-12-25,260,7,37
2021-12-26,225,10,43
2021-12-27,168,12,35
2021-12-28,315,8,45
2021-12-29,397,11,76
2021-12-30,428,19,63
2021-12-31,451,12,78
2022-01-01,442,14,78
2022-01-02,448,10,82
2022-01-03,740,21,103
2022-01-04,1160,38,151
2022-01-05,2590,82,388
2022-01-06,4419,150,640
2022-01-07,6239,214,920
2022-01-08,8351,332,1223
2022-01-09,8125,401,1223
2022-01-10,6100,292,871
2022-01-11,6080,227,959
2022-01-12,13797,547,2196
2022-01-13,19175,886,3121
2022-01-14,22463,955,4055
2022-01-15,26215,1173,4559
2022-01-16,25683,1399,4166
2022-01-17,19937,1139,3713
2022-01-18,33659,1672,5181
2022-01-19,43247,2215,7366
2022-01-20,47048,2452,8634
2022-01-21,50592,2401,9695
2022-01-22,56091,2693,11217
2022-01-23,50158,2524,9460
2022-01-24,43660,3173,8493
2022-01-25,67002,3166,12797
2022-01-26,74279,3886,14077
2022-01-27,82015,3866,16525
2022-01-28,85361,4189,17610
2022-01-29,89988,3822,17424
2022-01-30,80669,5310,15893
2022-01-31,57061,3603,11743
2022-02-01,87209,4563,14432
2022-02-02,98401,4833,21562
2022-02-03,99809,5626,20663
2022-02-04,96089,4589,19788
2022-02-05,102775,7353,21110
2022-02-06,87440,6214,17519
2022-02-07,63182,5722,12194
2022-02-08,93971,6025,17100
2022-02-09,97392,4936,18275
2022-02-10,98205,5944,18888
2022-02-11,97354,6177,18648
2022-02-12,62680,4935,11755
2022-02-13,77672,4465,13061
2022-02-14,55029,4116,10330
2022-02-15,87028,4733,15515
2022-02-16,90700,5980,17325
2022-02-17,93084,5568,17856
2022-02-18,84614,6167,16122
2022-02-19,80349,5326,13509
2022-02-20,69206,6069,12933
2022-02-21,47196,4599,8801
2022-02-22,72833,3878,11439
2022-02-23,80238,4464,14559
2022-02-24,55457,5709,10163
2022-02-25,67010,3304,11123
2022-02-26,71766,4546,11558
2022-02-27,60533,4951,10314
2022-02-28,46962,4212,9629
2022-03-01,68120,4229,11802
2022-03-02,71906,4617,12690
2022-03-03,67323,4471,12246
2022-03-04,61538,4342,10515
2022-03-05,62834,4740,10804
2022-03-06,52572,4174,9282
2022-03-07,34608,3536,5370
2022-03-08,55412,2451,8919
2022-03-09,63024,3582,10812
2022-03-10,59893,4319,10077
2022-03-11,54578,4793,8456
2022-03-12,54400,3903,9164
2022-03-13,49702,4127,8127
2022-03-14,30554,3054,4831
2022-03-15,53022,2350,7831
2022-03-16,57517,3932,10220
2022-03-17,52038,4073,8456
2022-03-18,47879,4328,7825
2022-03-19,44258,3400,7441
2022-03-20,38463,3323,6497
2022-03-21,26560,2985,3853
2022-03-22,19966,1626,3532
2022-03-23,42960,2114,6426
2022-03-24,49748,3573,8869
2022-03-25,46595,4145,7284
2022-03-26,47090,4129,7440
2022-03-27,42215,3939,7843
2022-03-28,28139,3279,4542
2022-03-29,46625,2671,7846
2022-03-30,53891,3804,9518
2022-03-31,51241,4394,8220
2022-04-01,48456,4031,7978
2022-04-02,48910,3244,7390
2022-04-03,45941,3701,7896
2022-04-04,28617,2882,4382
2022-04-05,47539,2584,6967
2022-04-06,55065,3328,8650
2022-04-07,54666,3847,8750
2022-04-08,50896,3579,8110
2022-04-09,52658,3659,8098
2022-04-10,47765,3559,8024
2022-04-11,31627,3660,4557
2022-04-12,51691,2539,6920
2022-04-13,58122,3016,8248
2022-04-14,54578,3862,8535
2022-04-15,48846,3024,6761
2022-04-16,47245,2765,6794
2022-04-17,37774,2567,5219
2022-04-18,23184,1510,3477
2022-04-19,42585,1816,5581
2022-04-20,48016,2727,6771
2022-04-21,46625,2986,6710
2022-04-22,42417,2378,5393
2022-04-23,43682,2485,5386
2022-04-24,37380,2297,4935
2022-04-25,23916,1593,3136
2022-04-26,42099,1750,5042
2022-04-27,46380,2244,6049
2022-04-28,40812,2354,5392
2022-04-29,35972,2157,3892
2022-04-30,23547,1339,2978
2022-05-01,26970,1202,3157
2022-05-02,18783,1043,2397
2022-05-03,32180,1021,3349
2022-05-04,25231,1267,2997
2022-05-05,20360,941,2317
2022-05-06,21499,1020,2678
2022-05-07,41700,1398,3802
2022-05-08,41904,1919,4709
2022-05-09,26614,1638,3011
2022-05-10,44237,1473,4447
2022-05-11,46441,1910,4761
2022-05-12,40469,1773,4214
2022-05-13,39000,1566,4103
2022-05-14,39396,1439,3798
2022-05-15,33841,1633,3348
2022-05-16,20467,952,2374
2022-05-17,39115,1102,3662
2022-05-18,42392,1525,4353
2022-05-19,39075,1536,4170
2022-05-20,36858,1358,3571
2022-05-21,35697,1157,3462
2022-05-22,30149,1181,3313
2022-05-23,17442,820,2023
2022-05-24,34090,916,3268
2022-05-25,35268,1232,3924
2022-05-26,30169,1175,3388
2022-05-27,26728,1054,2629
2022-05-28,25538,993,2549
2022-05-29,19818,997,2192
2022-05-30,11569,700,1342
2022-05-31,22956,764,2356
2022-06-01,22770,702,2412
2022-06-02,20336,787,2333
2022-06-03,18919,744,2109
2022-06-04,18176,663,2071
2022-06-05,14653,621,1583
2022-06-06,8819,388,1012
2022-06-07,17955,442,1797
2022-06-08,18309,704,1934
2022-06-09,16599,624,1874
2022-06-10,15384,557,1597
2022-06-11,15379,559,1524
2022-06-12,12970,590,1544
2022-06-13,7811,436,958
2022-06-14,15857,445,1527
2022-06-15,16589,671,2014
2022-06-16,15374,704,1815
2022-06-17,14551,617,1591
2022-06-18,14950,605,1681
2022-06-19,12737,635,1621
2022-06-20,7648,414,1076
2022-06-21,15989,479,1959
2022-06-22,17187,780,2325
2022-06-23,16595,770,2409
2022-06-24,15821,690,2181
2022-06-25,16705,648,2159
2022-06-26,13917,693,2004
2022-06-27,9565,496,1514
2022-06-28,20233,478,2509
2022-06-29,23572,1025,3802
2022-06-30,23117,1172,3621
2022-07-01,23201,1132,3545
2022-07-02,24859,1220,3615
2022-07-03,23192,1232,3788
2022-07-04,17245,912,2772
2022-07-05,36109,1089,5301
2022-07-06,45698,2042,8338
2022-07-07,48012,2434,8523
2022-07-08,50181,2281,8775
2022-07-09,54846,2546,9714
2022-07-10,54039,2943,9481
2022-07-11,37793,2429,6228
2022-07-12,75739,2348,11508
2022-07-13,94462,5002,16875
2022-07-14,97724,5751,16657
2022-07-15,103197,5755,19055
2022-07-16,110469,6114,18912
2022-07-17,105216,6547,17786
2022-07-18,76404,5639,12691
2022-07-19,67789,3379,11009
2022-07-20,152058,4811,20385
2022-07-21,186088,10821,31855
2022-07-22,195043,11597,34968
2022-07-23,200690,12421,32683
2022-07-24,176161,12181,28096
2022-07-25,128282,9259,22377
2022-07-26,196509,7010,31580
2022-07-27,209640,12890,29030
2022-07-28,232960,13055,40395
2022-07-29,221479,13155,36804
2022-07-30,222080,12768,33450
2022-07-31,196918,13688,31532
2022-08-01,140172,9814,21947
2022-08-02,211171,7267,30827
2022-08-03,249869,13780,38923
2022-08-04,238332,13820,35329
2022-08-05,233641,13991,37752
2022-08-06,227454,12876,30956
2022-08-07,205852,13007,26299
2022-08-08,138820,8832,17872
2022-08-09,212762,7084,29103
2022-08-10,250385,13035,34234
2022-08-11,239688,13432,31242
2022-08-12,169971,10528,20396
2022-08-13,183263,6778,23762
2022-08-14,178941,9659,22721
2022-08-15,139304,7125,23094
2022-08-16,168826,5940,23427
2022-08-17,231667,9990,29274
2022-08-18,256161,11186,27301
2022-08-19,261735,11327,27515
2022-08-20,253613,11496,25140
2022-08-21,225829,11449,24515
2022-08-22,143552,8155,14802
2022-08-23,208816,5877,21767
2022-08-24,243327,10910,25435
2022-08-25,219936,10103,23125
2022-08-26,192271,8911,18409
2022-08-27,179876,7876,17119
2022-08-28,157511,7734,15825
2022-08-29,96684,5419,9876
2022-08-30,152474,4696,14211
2022-08-31,169373,8175,15423
2022-09-01,149673,7493,14449
2022-09-02,128696,6204,12400
2022-09-03,122976,5988,12554
2022-09-04,107444,5603,9633
2022-09-05,68695,3952,7291
2022-09-06,112085,3471,9483
2022-09-07,129823,6801,13554
2022-09-08,112289,5948,10638
2022-09-09,99422,5302,9234
2022-09-10,92540,4653,9988
2022-09-11,81325,4818,7744
2022-09-12,53314,3689,5648
2022-09-13,87371,2980,8846
2022-09-14,100172,6039,10592
2022-09-15,85733,5797,8821
2022-09-16,75963,4783,8632
2022-09-17,70855,4336,8016
2022-09-18,63880,4187,8077
2022-09-19,38055,2935,4066
2022-09-20,32271,1783,3801
2022-09-21,69521,2222,7066
2022-09-22,77335,5369,8860
2022-09-23,63638,3924,7561
2022-09-24,39453,2772,4885
2022-09-25,46700,1982,5706
2022-09-26,43682,3831,6314
2022-09-27,41611,2525,5247
2022-09-28,49665,2762,5327
2022-09-29,42109,2011,5032
2022-09-30,36670,1979,4558
2022-10-01,35306,1831,3834
2022-10-02,29283,1604,2922
2022-10-03,15383,585,1673
2022-10-04,39520,2158,4310
2022-10-05,41070,2236,4067
2022-10-06,34029,1610,3580
2022-10-07,29264,1473,3016
2022-10-08,26662,1294,2605
2022-10-09,22571,1055,2242
2022-10-10,13075,660,1372
2022-10-11,13383,581,1504
2022-10-12,45468,2375,4790
2022-10-13,45640,2008,4338
2022-10-14,36615,1759,3495
2022-10-15,34882,1441,3239
2022-10-16,29580,1291,2714
2022-10-17,15586,675,1588
2022-10-18,42313,2034,4213
2022-10-19,43465,1916,4204
2022-10-20,36104,1605,3489
2022-10-21,31964,1439,2840
2022-10-22,33815,1480,3231
2022-10-23,30589,1363,2805
2022-10-24,17065,725,1735
2022-10-25,47666,2366,4702
2022-10-26,50257,2293,4347
2022-10-27,42567,1923,3941
2022-10-28,39323,1977,3520
2022-10-29,44412,2094,4121
2022-10-30,40525,2010,3687
2022-10-31,22622,943,2019
2022-11-01,65199,3160,6520
2022-11-02,70283,3413,6346
2022-11-03,67424,3196,6686
2022-11-04,34349,1245,3090
2022-11-05,73790,4294,7967
2022-11-06,66223,3353,6264
2022-11-07,32074,1537,3489
2022-11-08,81377,4267,8665
2022-11-09,87220,4152,9012
2022-11-10,78301,3823,7969
2022-11-11,74160,3922,7899
2022-11-12,79300,4079,8021
2022-11-13,68773,3656,6922
2022-11-14,38016,1719,4025
2022-11-15,102632,5476,11196
2022-11-16,106833,5440,10114
2022-11-17,92880,4990,9755
2022-11-18,84526,4309,8292
2022-11-19,89878,4741,9457
2022-11-20,77028,4073,7777
2022-11-21,42857,2163,4619
2022-11-22,121396,6683,12758
2022-11-23,132614,7098,12850
2022-11-24,60925,2345,5639
2022-11-25,116450,6213,12938
2022-11-26,124904,6722,13569
2022-11-27,97884,5395,10346
2022-11-28,49623,2364,5767
2022-11-29,127101,7346,14680
2022-11-30,137981,7519,14399
2022-12-01,117965,6468,12332
2022-12-02,109707,6608,11244
2022-12-03,109340,6700,13321
2022-12-04,88899,5389,10454
2022-12-05,49308,2086,5388
2022-12-06,136769,8271,15501
2022-12-07,149035,8608,14946
2022-12-08,132909,7282,14104
2022-12-09,127697,7125,13556
2022-12-10,135138,7864,14558
2022-12-11,118330,6505,12163
2022-12-12,64847,3171,7044
2022-12-13,175380,10253,19800
2022-12-14,190263,10684,18812
2022-12-15,168053,9142,17687
2022-12-16,153796,8333,16273
2022-12-17,158192,9219,17020
2022-12-18,135700,7214,13646
2022-12-19,72029,3586,7949
2022-12-20,185834,10624,20513
2022-12-21,206435,10989,21186
2022-12-22,183959,9620,18820
2022-12-23,174084,9094,17332
2022-12-24,177275,9795,18731
2022-12-25,148897,7982,15403
2022-12-26,78526,3605,8428
2022-12-27,202560,10969,22063
2022-12-28,216194,10905,20243
2022-12-29,192043,9392,18372
2022-12-30,149348,7402,14525
2022-12-31,107104,5287,11189
2023-01-01,86845,3791,9186
2023-01-02,75881,3189,7537
2023-01-03,89541,4162,9628
2023-01-04,105285,4991,10554
2023-01-05,226326,10707,20735
2023-01-06,246221,11429,20720
2023-01-07,237745,11330,19630
2023-01-08,189953,8782,15124
2023-01-09,95024,3816,8199
2023-01-10,76613,3106,7462
2023-01-11,198092,9724,16772
2023-01-12,184825,7523,13427
2023-01-13,144332,6213,11241
2023-01-14,131625,5947,10727
2023-01-15,107863,4600,8269
2023-01-16,54922,2150,4433
2023-01-17,126190,6193,11120
2023-01-18,124533,5599,9187
2023-01-19,96122,4447,7719
2023-01-20,82516,3777,6603
2023-01-21,78601,3885,6607
2023-01-22,64179,2977,5110
2023-01-23,33096,1322,2677
2023-01-24,81266,4126,7306
2023-01-25,79071,3511,5934
2023-01-26,60600,2614,5061
2023-01-27,53781,2356,4297
2023-01-28,54548,2359,4515
2023-01-29,44511,1981,3427
2023-01-30,21722,822,1818
2023-01-31,57052,2714,4862
2023-02-01,55367,2646,4012
2023-02-02,45671,2033,3502
2023-02-03,39807,1733,2941
2023-02-04,38420,1617,2992
2023-02-05,32029,1387,2287
2023-02-06,15790,696,1105
2023-02-07,41248,1924,3131
2023-02-08,41434,1846,2612
2023-02-09,32878,1359,2173
2023-02-10,28554,1225,1922
2023-02-11,27187,1095,1752
2023-02-12,13665,406,799
2023-02-13,9704,463,810
2023-02-14,31489,1373,2232
2023-02-15,28679,1021,1858
2023-02-16,21263,865,1454
2023-02-17,18599,722,1272
2023-02-18,17029,687,1146
2023-02-19,14162,581,992
2023-02-20,7175,241,510
2023-02-21,19056,832,1451
2023-02-22,18737,697,1195
2023-02-23,14958,595,1072
2023-02-24,6614,202,427
2023-02-25,14789,672,1182
2023-02-26,12279,505,810
2023-02-27,5508,233,370
2023-02-28,14546,641,1181
2023-03-01,13909,535,1028
2023-03-02,11486,486,952
2023-03-03,10510,394,736
2023-03-04,10400,397,795
2023-03-05,8667,391,705
2023-03-06,4453,215,335
2023-03-07,11904,609,989
2023-03-08,11811,511,926
2023-03-09,9795,471,794
2023-03-10,9092,402,778
2023-03-11,9066,455,805
2023-03-12,6979,318,606
2023-03-13,3465,133,313
2023-03-14,9879,470,988
2023-03-15,9501,443,816
2023-03-16,7716,343,680
2023-03-17,6925,300,631
2023-03-18,7035,357,627
2023-03-19,5900,260,549
2023-03-20,2870,141,270
2023-03-21,8625,430,877
2023-03-22,4526,138,373
2023-03-23,8460,466,908
2023-03-24,8600,338,893
2023-03-25,8236,382,863
2023-03-26,6212,250,667
2023-03-27,2923,131,355
2023-03-28,8072,348,1001
2023-03-29,8326,384,1002
2023-03-30,7173,308,956
2023-03-31,6806,302,854
2023-04-01,7394,356,991
2023-04-02,6278,280,789
2023-04-03,3275,122,420
2023-04-04,9360,435,1357
2023-04-05,9621,394,1204
2023-04-06,8571,398,1109
2023-04-07,8313,365,1133
2023-04-08,8371,408,1261
2023-04-09,7119,379,956
2023-04-10,3318,145,458
2023-04-11,9923,509,1490
2023-04-12,10201,479,1334
2023-04-13,9088,469,1181
2023-04-14,8416,423,1215
2023-04-15,8473,416,1197
2023-04-16,7025,352,891
2023-04-17,3525,181,474
2023-04-18,11552,574,1696
2023-04-19,12081,594,1514
2023-04-20,10544,468,1449
2023-04-21,10101,513,1441
2023-04-22,10632,583,1477
2023-04-23,8607,440,1138
2023-04-24,4186,221,571
2023-04-25,12484,694,1909
2023-04-26,13206,708,1745
2023-04-27,11853,639,1663
2023-04-28,11426,567,1613
2023-04-29,13039,776,1915
2023-04-30,6731,261,976
2023-05-01,5064,279,837
2023-05-02,16944,946,2604
2023-05-03,16460,830,2187
2023-05-04,7303,236,994
2023-05-05,5793,241,906
2023-05-06,6257,272,1062
2023-05-07,14344,774,2345
2023-05-08,9489,350,1331
