date,water_level_m,inflow_m3s,outflow_m3s
2015-01-01,380.37,0.72,0.72
2015-01-02,380.37,0.72,0.72
2015-01-03,380.37,0.72,0.72
2015-01-04,380.37,0.72,0.72
2015-01-05,380.37,0.72,0.72
2015-01-06,380.38,0.84,0.72
2015-01-07,380.39,0.84,0.72
2015-01-08,380.39,0.6,0.72
2015-01-09,380.38,0.72,0.72
2015-01-10,380.38,0.72,0.72
2015-01-11,380.38,0.72,0.72
2015-01-12,380.38,0.6,0.72
2015-01-13,380.37,0.72,0.72
2015-01-14,380.37,0.6,0.72
2015-01-15,380.37,0.96,0.72
2015-01-16,380.39,0.84,0.72
2015-01-17,380.39,0.72,0.72
2015-01-18,380.39,0.72,0.72
2015-01-19,380.38,0.6,0.72
2015-01-20,380.38,0.72,0.72
2015-01-21,380.37,0.6,0.72
2015-01-22,380.37,0.84,0.72
2015-01-23,380.39,0.84,0.72
2015-01-24,380.39,0.72,0.72
2015-01-25,380.39,0.6,0.72
2015-01-26,380.38,0.72,0.72
2015-01-27,380.39,0.96,0.72
2015-01-28,380.4,0.6,0.72
2015-01-29,380.4,0.72,0.72
2015-01-30,380.4,0.84,0.72
2015-01-31,380.4,0.72,0.72
2015-02-01,380.4,0.6,0.72
2015-02-02,380.37,0.73,1.58
2015-02-03,380.27,0.5,1.71
2015-02-04,380.18,0.62,1.71
2015-02-05,380.09,0.74,1.71
2015-02-06,380.02,0.58,1.18
2015-02-07,380.0,0.61,0.73
2015-02-08,379.99,0.73,0.73
2015-02-09,379.99,0.61,0.73
2015-02-10,379.98,0.61,0.73
2015-02-11,379.97,0.61,0.73
2015-02-12,379.96,0.73,0.73
2015-02-13,379.95,0.49,0.73
2015-02-14,379.94,0.61,0.73
2015-02-15,379.92,0.49,0.73
2015-02-16,379.91,0.61,0.73
2015-02-17,379.91,0.86,0.74
2015-02-18,379.9,0.49,0.73
2015-02-19,379.87,0.43,0.79
2015-02-20,379.86,0.61,0.73
2015-02-21,379.85,0.61,0.73
2015-02-22,379.83,0.61,0.73
2015-02-23,379.83,0.73,0.73
2015-02-24,379.84,0.85,0.73
2015-02-25,379.84,0.73,0.73
2015-02-26,379.84,0.73,0.73
2015-02-27,379.84,0.74,0.98
2015-02-28,379.82,0.6,0.72
2015-03-01,379.82,1.2,0.72
2015-03-02,379.87,1.08,0.72
2015-03-03,379.89,0.84,0.72
2015-03-04,379.91,1.08,0.72
2015-03-05,379.94,0.96,0.72
2015-03-06,379.95,0.84,0.72
2015-03-07,379.96,0.84,0.72
2015-03-08,379.97,0.96,0.72
2015-03-09,379.99,1.2,0.72
2015-03-10,380.06,1.57,0.72
2015-03-11,380.12,1.2,0.72
2015-03-12,380.15,1.08,0.72
2015-03-13,380.18,0.96,0.72
2015-03-14,380.2,0.96,0.72
2015-03-15,380.21,0.96,0.72
2015-03-16,380.22,0.84,0.72
2015-03-17,380.24,0.96,0.72
2015-03-18,380.26,0.96,0.72
2015-03-19,380.29,1.2,0.72
2015-03-20,380.32,1.08,0.72
2015-03-21,380.35,0.96,0.72
2015-03-22,380.37,0.96,0.72
2015-03-23,380.39,0.84,0.72
2015-03-24,380.4,0.84,0.72
2015-03-25,380.4,0.72,0.72
2015-03-26,380.41,0.86,0.74
2015-03-27,380.41,0.73,0.73
2015-03-28,380.41,0.73,0.73
2015-03-29,380.41,0.73,0.73
2015-03-30,380.41,0.73,0.73
2015-03-31,380.41,0.73,0.73
2015-04-01,380.41,0.85,0.73
2015-04-02,380.42,0.73,0.73
2015-04-03,380.42,0.73,0.73
2015-04-04,380.42,0.73,0.73
2015-04-05,380.42,0.73,0.73
2015-04-06,380.42,0.73,0.73
2015-04-07,380.43,0.85,0.73
2015-04-08,380.46,1.21,0.73
2015-04-09,380.48,0.85,0.73
2015-04-10,380.48,0.97,0.73
2015-04-11,380.53,1.46,0.73
2015-04-12,380.58,1.21,0.73
2015-04-13,380.63,1.82,0.73
2015-04-14,380.75,2.3,0.73
2015-04-15,380.89,2.18,0.73
2015-04-16,380.99,1.95,0.73
2015-04-17,381.08,1.59,0.73
2015-04-18,381.14,1.47,0.73
2015-04-19,381.2,1.34,0.73
2015-04-20,381.25,1.47,0.73
2015-04-21,381.3,1.22,0.73
2015-04-22,381.34,1.22,0.73
2015-04-23,381.38,1.1,0.73
2015-04-24,381.4,1.1,0.73
2015-04-25,381.43,0.98,0.73
2015-04-26,381.46,1.1,0.73
2015-04-27,381.48,0.98,0.73
2015-04-28,381.49,0.86,0.74
2015-04-29,381.51,0.99,0.74
2015-04-30,381.52,0.86,0.74
2015-05-01,381.54,0.86,0.74
2015-05-02,381.55,0.86,0.74
2015-05-03,381.55,0.86,0.74
2015-05-04,381.56,0.86,0.74
2015-05-05,381.57,0.74,0.74
2015-05-06,381.58,0.86,0.74
2015-05-07,381.58,0.74,0.74
2015-05-08,381.58,0.74,0.74
2015-05-09,381.59,0.86,0.74
2015-05-10,381.59,0.74,0.74
2015-05-11,381.59,0.74,0.74
2015-05-12,381.59,1.11,0.74
2015-05-13,381.64,0.99,0.74
2015-05-14,381.64,0.74,0.74
2015-05-15,381.64,0.79,1.04
2015-05-16,381.58,0.74,1.72
2015-05-17,381.5,0.61,1.72
2015-05-18,381.41,0.74,1.72
2015-05-19,381.33,0.74,1.72
2015-05-20,381.25,0.74,1.72
2015-05-21,381.18,0.93,1.91
2015-05-22,381.06,0.9,2.74
2015-05-23,380.86,0.79,3.57
2015-05-24,380.61,0.79,4.05
2015-05-25,380.34,0.67,4.05
2015-05-26,380.06,0.81,4.06
2015-05-27,379.79,0.73,4.05
2015-05-28,379.51,0.84,4.05
2015-05-29,379.23,0.84,4.05
2015-05-30,378.99,0.84,3.31
2015-05-31,378.8,0.75,3.31
2015-06-01,378.53,0.68,4.06
2015-06-02,378.25,0.79,4.06
2015-06-03,377.98,1.05,4.05
2015-06-04,377.71,0.83,4.04
2015-06-05,377.42,1.06,4.04
2015-06-06,377.21,1.53,4.05
2015-06-07,376.95,0.87,4.04
2015-06-08,376.67,0.89,4.04
2015-06-09,376.41,1.45,4.04
2015-06-10,376.16,1.01,4.05
2015-06-11,375.88,0.94,4.05
2015-06-12,375.63,0.91,3.35
2015-06-13,375.43,0.84,3.06
2015-06-14,375.22,0.84,3.05
2015-06-15,375.02,0.74,3.05
2015-06-16,374.81,1.24,3.3
2015-06-17,374.64,1.72,3.56
2015-06-18,374.53,1.89,2.98
2015-06-19,374.42,3.82,4.58
2015-06-20,374.37,4.54,4.75
2015-06-21,374.34,3.46,4.22
2015-06-22,374.23,2.51,4.79
2015-06-23,373.91,2.16,5.92
2015-06-24,373.49,1.77,6.47
2015-06-25,373.17,1.64,4.41
2015-06-26,372.94,1.84,4.16
2015-06-27,372.7,1.79,4.31
2015-06-28,372.48,1.57,3.78
2015-06-29,372.27,1.31,3.62
2015-06-30,372.05,1.35,3.77
2015-07-01,371.81,1.48,3.7
2015-07-02,371.69,1.27,1.48
2015-07-03,371.76,2.26,1.1
2015-07-04,371.8,2.2,2.52
2015-07-05,371.76,2.0,2.42
2015-07-06,371.74,2.14,2.03
2015-07-07,371.74,1.92,2.03
2015-07-08,371.73,1.82,2.03
2015-07-09,371.73,2.16,1.74
2015-07-10,371.78,1.95,1.53
2015-07-11,371.82,1.85,1.53
2015-07-12,371.83,1.65,1.65
2015-07-13,371.82,1.59,1.8
2015-07-14,371.79,1.38,1.8
2015-07-15,371.75,1.38,1.8
2015-07-16,372.34,24.75,6.38
2015-07-17,373.97,28.46,21.71
2015-07-18,373.84,14.68,20.36
2015-07-19,373.33,9.96,14.34
2015-07-20,373.03,8.62,10.85
2015-07-21,372.84,7.27,9.68
2015-07-22,372.58,6.34,9.39
2015-07-23,372.26,5.4,8.86
2015-07-24,371.94,4.12,6.75
2015-07-25,371.83,3.59,4.01
2015-07-26,371.81,3.32,3.43
2015-07-27,371.78,2.89,3.31
2015-07-28,371.79,4.11,3.89
2015-07-29,371.78,3.0,2.89
2015-07-30,371.78,2.68,2.9
2015-07-31,371.78,2.43,2.32
2015-08-01,371.79,2.43,2.32
2015-08-02,371.78,2.21,2.32
2015-08-03,371.77,1.98,2.09
2015-08-04,371.79,1.95,1.53
2015-08-05,371.83,1.85,1.53
2015-08-06,371.85,1.76,1.65
2015-08-07,371.83,1.6,2.13
2015-08-08,371.82,1.6,1.08
2015-08-09,371.89,1.65,1.13
2015-08-10,371.89,1.41,1.62
2015-08-11,371.87,1.41,1.62
2015-08-12,371.86,1.62,1.62
2015-08-13,371.85,1.41,1.62
2015-08-14,371.84,1.94,1.62
2015-08-15,371.88,1.73,1.62
2015-08-16,371.88,1.41,1.62
2015-08-17,371.88,3.0,2.9
2015-08-18,371.82,2.18,2.92
2015-08-19,371.8,1.71,1.81
2015-08-20,371.78,1.61,1.82
2015-08-21,371.76,1.52,1.73
2015-08-22,371.75,1.42,1.42
2015-08-23,371.76,1.63,1.42
2015-08-24,371.78,1.53,1.42
2015-08-25,371.79,1.63,1.42
2015-08-26,371.84,3.01,2.28
2015-08-27,371.85,2.61,3.03
2015-08-28,371.79,2.19,2.82
2015-08-29,371.77,2.11,2.11
2015-08-30,371.78,2.02,1.81
2015-08-31,371.8,1.92,1.81
2015-09-01,371.81,2.02,1.81
2015-09-02,371.83,1.92,1.81
2015-09-03,371.83,1.81,1.81
2015-09-04,371.83,1.81,1.81
2015-09-05,371.82,1.6,1.81
2015-09-06,371.8,1.7,1.81
2015-09-07,371.79,1.7,1.81
2015-09-08,371.83,4.4,2.71
2015-09-09,373.95,64.16,24.71
2015-09-10,374.95,23.35,38.26
2015-09-11,373.55,11.67,24.86
2015-09-12,372.64,8.58,15.94
2015-09-13,372.04,6.37,11.11
2015-09-14,371.89,5.12,5.01
2015-09-15,371.86,4.33,4.86
2015-09-16,371.81,3.79,4.53
2015-09-17,371.82,5.84,4.26
2015-09-18,371.98,5.16,4.21
2015-09-19,372.02,4.62,4.52
2015-09-20,372.0,3.94,4.26
2015-09-21,371.97,3.51,4.04
2015-09-22,371.91,3.3,4.04
2015-09-23,371.84,2.98,3.5
2015-09-24,371.81,3.0,3.21
2015-09-25,371.82,4.06,3.75
2015-09-26,371.8,3.33,4.07
2015-09-27,371.73,3.15,3.58
2015-09-28,371.72,2.85,2.75
2015-09-29,371.74,2.64,2.53
2015-09-30,371.74,2.42,2.0
2015-10-01,371.86,2.31,0.73
2015-10-02,372.03,2.62,0.73
2015-10-03,372.18,2.1,0.73
2015-10-04,372.31,1.99,0.73
2015-10-05,372.42,1.99,0.73
2015-10-06,372.53,1.78,0.73
2015-10-07,372.64,1.78,0.73
2015-10-08,372.72,1.57,0.73
2015-10-09,372.8,1.57,0.73
2015-10-10,372.88,1.57,0.73
2015-10-11,372.96,1.47,0.73
2015-10-12,373.03,1.48,0.73
2015-10-13,373.1,1.48,0.73
2015-10-14,373.16,1.37,0.73
2015-10-15,373.22,1.26,0.73
2015-10-16,373.27,1.37,0.73
2015-10-17,373.36,1.8,0.73
2015-10-18,373.43,1.37,0.73
2015-10-19,373.49,1.26,0.73
2015-10-20,373.53,1.26,0.73
2015-10-21,373.58,1.16,0.73
2015-10-22,373.62,1.16,0.74
2015-10-23,373.66,1.17,0.74
2015-10-24,373.69,1.06,0.74
2015-10-25,373.72,0.95,0.74
2015-10-26,373.75,1.06,0.74
2015-10-27,373.77,0.95,0.74
2015-10-28,373.8,1.06,0.74
2015-10-29,373.83,1.06,0.74
2015-10-30,373.85,0.95,0.74
2015-10-31,373.87,0.95,0.74
2015-11-01,373.89,0.95,0.74
2015-11-02,373.94,1.59,0.74
2015-11-03,374.0,1.06,0.74
2015-11-04,374.02,0.96,0.74
2015-11-05,374.04,0.96,0.74
2015-11-06,374.06,0.85,0.74
2015-11-07,374.07,0.96,0.74
2015-11-08,374.09,0.96,0.74
2015-11-09,374.11,0.96,0.74
2015-11-10,374.14,1.28,0.74
2015-11-11,374.19,1.07,0.74
2015-11-12,374.22,0.96,0.74
2015-11-13,374.23,0.96,0.74
2015-11-14,374.27,1.28,0.74
2015-11-15,374.33,1.5,0.74
2015-11-16,374.39,1.18,0.74
2015-11-17,374.43,1.28,0.74
2015-11-18,374.47,1.72,0.74
2015-11-19,374.66,2.92,0.74
2015-11-20,374.81,2.05,0.74
2015-11-21,374.91,1.72,0.74
2015-11-22,374.99,1.51,0.74
2015-11-23,375.05,1.41,0.74
2015-11-24,375.1,1.29,0.74
2015-11-25,375.15,1.29,0.74
2015-11-26,375.24,1.96,0.74
2015-11-27,375.32,1.41,0.74
2015-11-28,375.38,1.41,0.74
2015-11-29,375.43,1.29,0.74
2015-11-30,375.48,1.18,0.74
2015-12-01,375.53,1.29,0.74
2015-12-02,375.57,1.07,0.74
2015-12-03,375.61,1.28,0.73
2015-12-04,375.65,1.06,0.73
2015-12-05,375.68,1.06,0.73
2015-12-06,375.71,1.06,0.73
2015-12-07,375.73,0.96,0.74
2015-12-08,375.75,0.95,0.73
2015-12-09,375.78,1.05,0.72
2015-12-10,375.8,0.94,0.72
2015-12-11,375.86,1.61,0.72
2015-12-12,375.91,1.05,0.72
2015-12-13,375.94,1.05,0.72
2015-12-14,375.97,1.16,0.72
2015-12-15,376.0,1.06,0.72
2015-12-16,376.03,0.95,0.72
2015-12-17,376.06,1.06,0.72
2015-12-18,376.08,0.83,0.72
2015-12-19,376.09,0.95,0.72
2015-12-20,376.1,0.84,0.73
2015-12-21,376.11,0.86,0.74
2015-12-22,376.12,0.85,0.74
2015-12-23,376.13,0.85,0.74
2015-12-24,376.15,0.85,0.74
2015-12-25,376.17,0.97,0.74
2015-12-26,376.17,0.85,0.74
2015-12-27,376.18,0.74,0.74
2015-12-28,376.19,0.85,0.74
2015-12-29,376.19,0.74,0.74
2015-12-30,376.19,0.74,0.74
2015-12-31,376.2,0.85,0.74
2016-01-01,376.2,0.74,0.74
2016-01-02,376.2,0.74,0.74
2016-01-03,376.2,0.74,0.74
2016-01-04,376.21,0.85,0.74
2016-01-05,376.21,0.63,0.74
2016-01-06,376.2,0.85,0.74
2016-01-07,376.21,0.63,0.74
2016-01-08,376.2,0.74,0.74
2016-01-09,376.2,0.74,0.74
2016-01-10,376.2,0.63,0.74
2016-01-11,376.19,0.74,0.74
2016-01-12,376.19,0.74,0.74
2016-01-13,376.19,0.63,0.74
2016-01-14,376.18,0.74,0.74
2016-01-15,376.17,0.63,0.74
2016-01-16,376.17,0.63,0.74
2016-01-17,376.16,0.74,0.74
2016-01-18,376.21,1.53,0.74
2016-01-19,376.24,0.97,0.74
2016-01-20,376.25,0.62,0.73
2016-01-21,376.22,0.51,0.73
2016-01-22,376.22,0.73,0.73
2016-01-23,376.21,0.62,0.73
2016-01-24,376.21,0.73,0.73
2016-01-25,376.2,0.62,0.73
2016-01-26,376.2,0.62,0.73
2016-01-27,376.19,0.73,0.73
2016-01-28,376.19,0.62,0.73
2016-01-29,376.18,0.73,0.73
2016-01-30,376.19,0.95,0.73
2016-01-31,376.2,0.73,0.73
2016-02-01,376.2,0.73,0.73
2016-02-02,376.2,0.62,0.73
2016-02-03,376.19,0.72,0.72
2016-02-04,376.19,0.61,0.72
2016-02-05,376.18,0.72,0.72
2016-02-06,376.18,0.72,0.72
2016-02-07,376.18,0.72,0.72
2016-02-08,376.17,0.61,0.72
2016-02-09,376.17,0.61,0.72
2016-02-10,376.16,0.61,0.72
2016-02-11,376.15,0.61,0.72
2016-02-12,376.14,0.72,0.72
2016-02-13,376.14,0.72,0.72
2016-02-14,376.24,2.86,0.72
2016-02-15,376.4,2.07,0.72
2016-02-16,376.48,1.4,0.72
2016-02-17,376.53,1.06,0.72
2016-02-18,376.56,1.06,0.72
2016-02-19,376.58,0.95,0.72
2016-02-20,376.62,1.73,0.72
2016-02-21,376.77,2.41,0.72
2016-02-22,376.88,1.73,0.72
2016-02-23,376.95,1.4,0.73
2016-02-24,377.01,1.41,0.73
2016-02-25,377.06,1.19,0.73
2016-02-26,377.1,1.19,0.73
2016-02-27,377.14,1.07,0.73
2016-02-28,377.17,1.07,0.73
2016-02-29,377.2,1.19,0.73
2016-03-01,377.23,0.84,0.73
2016-03-02,377.24,0.96,0.73
2016-03-03,377.26,0.96,0.73
2016-03-04,377.28,0.84,0.73
2016-03-05,377.29,0.96,0.73
2016-03-06,377.31,0.96,0.73
2016-03-07,377.33,1.07,0.73
2016-03-08,377.37,1.19,0.73
2016-03-09,377.41,1.42,0.73
2016-03-10,377.48,1.42,0.73
2016-03-11,377.53,1.19,0.73
2016-03-12,377.57,1.08,0.74
2016-03-13,377.6,1.08,0.74
2016-03-14,377.63,1.43,0.74
2016-03-15,377.69,1.2,0.74
2016-03-16,377.73,1.2,0.74
2016-03-17,377.77,1.2,0.74
2016-03-18,377.82,1.31,0.74
2016-03-19,377.88,1.54,0.74
2016-03-20,377.95,1.54,0.74
2016-03-21,378.0,1.32,0.74
2016-03-22,378.05,1.21,0.74
2016-03-23,378.09,1.21,0.74
2016-03-24,378.14,1.21,0.74
2016-03-25,378.17,1.09,0.74
2016-03-26,378.2,1.09,0.74
2016-03-27,378.23,1.09,0.74
2016-03-28,378.25,1.21,0.74
2016-03-29,378.3,1.09,0.74
2016-03-30,378.33,1.09,0.74
2016-03-31,378.36,1.09,0.74
2016-04-01,378.38,0.97,0.74
2016-04-02,378.4,0.97,0.74
2016-04-03,378.42,0.97,0.74
2016-04-04,378.45,1.21,0.74
2016-04-05,378.49,1.21,0.74
2016-04-06,378.52,0.97,0.74
2016-04-07,378.56,1.67,0.74
2016-04-08,378.65,1.44,0.74
2016-04-09,378.7,1.32,0.74
2016-04-10,378.74,1.21,0.74
2016-04-11,378.77,1.09,0.74
2016-04-12,378.8,0.97,0.74
2016-04-13,378.83,1.09,0.74
2016-04-14,378.87,1.32,0.74
2016-04-15,378.91,0.97,0.74
2016-04-16,378.93,1.09,0.74
2016-04-17,378.95,0.97,0.74
2016-04-18,378.97,0.97,0.74
2016-04-19,378.99,0.97,0.74
2016-04-20,379.01,0.86,0.74
2016-04-21,379.02,0.98,0.74
2016-04-22,379.05,0.98,0.74
2016-04-23,379.06,0.97,0.74
2016-04-24,379.09,1.09,0.74
2016-04-25,379.11,0.84,0.72
2016-04-26,379.12,0.96,0.72
2016-04-27,379.14,0.84,0.72
2016-04-28,379.19,1.91,0.72
2016-04-29,379.27,1.31,0.72
2016-04-30,379.31,1.2,0.72
2016-05-01,379.35,1.08,0.72
2016-05-02,379.38,1.08,0.72
2016-05-03,379.41,1.08,0.72
2016-05-04,379.44,1.2,0.72
2016-05-05,379.47,0.84,0.72
2016-05-06,379.48,0.96,0.72
2016-05-07,379.5,0.96,0.72
2016-05-08,379.52,0.85,0.73
2016-05-09,379.53,1.09,0.73
2016-05-10,379.56,0.97,0.73
2016-05-11,379.59,1.21,0.73
2016-05-12,379.62,0.85,0.73
2016-05-13,379.63,0.97,0.73
2016-05-14,379.63,0.82,1.77
2016-05-15,379.44,1.0,3.73
2016-05-16,379.21,0.99,3.72
2016-05-17,379.03,1.14,1.97
2016-05-18,379.03,0.73,0.73
2016-05-19,379.04,0.84,0.96
2016-05-20,378.99,0.79,1.72
2016-05-21,378.88,0.95,2.23
2016-05-22,378.77,0.83,2.23
2016-05-23,378.65,0.94,2.23
2016-05-24,378.54,0.82,2.22
2016-05-25,378.42,0.94,2.22
2016-05-26,378.31,0.94,2.22
2016-05-27,378.19,0.85,2.48
2016-05-28,378.03,0.93,3.02
2016-05-29,377.84,0.91,3.32
2016-05-30,377.59,1.06,4.04
2016-05-31,377.33,0.95,4.04
2016-06-01,377.06,0.8,3.65
2016-06-02,376.87,0.72,2.52
2016-06-03,376.7,0.8,2.94
2016-06-04,376.45,0.76,4.02
2016-06-05,376.16,0.75,4.01
2016-06-06,375.87,0.8,4.01
2016-06-07,375.62,0.91,2.9
2016-06-08,375.5,0.74,1.74
2016-06-09,375.44,0.7,1.03
2016-06-10,375.42,0.7,1.03
2016-06-11,375.38,0.59,1.03
2016-06-12,375.34,0.7,1.03
2016-06-13,375.4,3.76,2.65
2016-06-14,375.35,1.78,3.45
2016-06-15,375.23,1.25,1.91
2016-06-16,375.21,1.15,2.04
2016-06-17,375.05,1.15,3.03
2016-06-18,374.87,0.95,3.02
2016-06-19,374.68,0.95,3.02
2016-06-20,374.49,0.95,3.02
2016-06-21,374.3,0.96,3.03
2016-06-22,374.1,0.92,3.41
2016-06-23,373.84,1.08,4.06
2016-06-24,373.55,0.96,4.06
2016-06-25,373.26,0.86,4.06
2016-06-26,372.96,0.89,4.06
2016-06-27,372.65,0.81,4.06
2016-06-28,372.35,1.02,4.06
2016-06-29,372.05,0.8,4.06
2016-06-30,371.74,0.8,4.07
2016-07-01,371.43,0.79,4.06
2016-07-02,371.11,0.69,4.06
2016-07-03,370.79,0.74,4.06
2016-07-04,370.47,0.75,4.07
2016-07-05,370.15,0.74,4.06
2016-07-06,369.84,0.9,4.06
2016-07-07,369.51,0.64,4.41
2016-07-08,369.11,0.64,4.4
2016-07-09,368.79,0.85,4.06
2016-07-10,368.45,0.7,4.91
2016-07-11,367.82,0.27,7.9
2016-07-12,367.04,0.33,7.87
2016-07-13,366.26,0.32,7.87
2016-07-14,365.55,2.25,6.54
2016-07-15,365.51,2.81,2.04
2016-07-16,365.43,1.79,3.51
2016-07-17,365.22,1.41,3.51
2016-07-18,364.99,0.92,3.28
2016-07-19,364.73,0.84,3.38
2016-07-20,364.45,0.88,3.51
2016-07-21,364.17,0.86,3.48
2016-07-22,363.91,1.14,3.35
2016-07-23,363.69,0.99,3.02
2016-07-24,363.47,0.99,3.02
2016-07-25,363.25,0.91,2.38
2016-07-26,363.19,1.02,1.02
2016-07-27,363.21,1.11,1.02
2016-07-28,363.2,0.93,1.3
2016-07-29,363.11,0.92,2.02
2016-07-30,362.98,0.83,2.02
2016-07-31,362.85,0.84,2.02
2016-08-01,362.73,0.93,2.02
2016-08-02,362.7,2.18,1.27
2016-08-03,362.82,1.47,0.74
2016-08-04,362.88,1.38,0.74
2016-08-05,362.95,1.29,0.74
2016-08-06,363.0,1.11,0.74
2016-08-07,363.03,0.98,1.17
2016-08-08,362.91,1.08,2.71
2016-08-09,362.71,0.8,2.71
2016-08-10,362.51,0.89,2.71
2016-08-11,362.3,0.8,2.71
2016-08-12,362.09,0.8,2.71
2016-08-13,361.88,0.84,2.71
2016-08-14,361.66,0.76,2.99
2016-08-15,361.35,0.68,3.71
2016-08-16,361.03,0.9,3.03
2016-08-17,360.96,1.61,2.31
2016-08-18,360.78,1.31,2.1
2016-08-19,360.81,1.26,0.73
2016-08-20,360.91,2.49,0.73
2016-08-21,361.17,2.69,0.73
2016-08-22,362.97,48.14,0.73
2016-08-23,367.66,20.91,0.73
2016-08-24,368.91,9.39,0.72
2016-08-25,369.58,6.23,0.72
2016-08-26,370.04,4.85,0.73
2016-08-27,370.43,5.19,0.73
2016-08-28,370.87,5.42,0.73
2016-08-29,371.62,12.79,1.92
2016-08-30,373.99,54.42,23.62
2016-08-31,374.45,21.56,34.26
2016-09-01,373.33,12.26,21.97
2016-09-02,372.6,9.26,15.66
2016-09-03,372.08,6.91,11.11
2016-09-04,371.81,6.3,8.41
2016-09-05,371.66,5.1,5.84
2016-09-06,371.63,4.38,4.59
2016-09-07,371.64,4.2,4.09
2016-09-08,371.68,4.72,4.09
2016-09-09,371.7,3.81,3.81
2016-09-10,371.7,3.4,3.19
2016-09-11,371.75,3.16,2.63
2016-09-12,371.78,2.93,2.82
2016-09-13,371.83,4.74,3.79
2016-09-14,371.86,3.77,4.09
2016-09-15,371.82,3.51,3.93
2016-09-16,371.76,3.14,4.09
2016-09-17,371.7,3.06,3.27
2016-09-18,371.67,3.06,3.27
2016-09-19,371.65,3.27,3.27
2016-09-20,371.8,10.87,4.24
2016-09-21,372.73,14.97,8.67
2016-09-22,372.94,10.79,10.05
2016-09-23,372.93,9.2,10.15
2016-09-24,372.79,8.16,10.15
2016-09-25,372.55,7.11,10.05
2016-09-26,372.22,5.8,10.0
2016-09-27,371.8,4.35,7.62
2016-09-28,371.74,4.25,3.62
2016-09-29,371.75,3.9,4.0
2016-09-30,371.78,3.44,2.38
2016-10-01,371.98,3.27,0.74
2016-10-02,372.2,2.95,0.74
2016-10-03,372.41,2.84,0.74
2016-10-04,372.6,2.63,0.74
2016-10-05,372.76,2.42,0.74
2016-10-06,372.92,2.32,0.74
2016-10-07,373.05,2.13,0.74
2016-10-08,373.18,2.02,0.74
2016-10-09,373.31,2.13,0.74
2016-10-10,373.43,1.91,0.74
2016-10-11,373.53,1.81,0.74
2016-10-12,373.63,1.7,0.74
2016-10-13,373.72,1.7,0.74
2016-10-14,373.8,1.49,0.74
2016-10-15,373.87,1.59,0.74
2016-10-16,373.94,1.38,0.74
2016-10-17,374.03,1.82,0.74
2016-10-18,374.11,1.5,0.74
2016-10-19,374.18,1.5,0.74
2016-10-20,374.24,1.28,0.74
2016-10-21,374.29,1.28,0.74
2016-10-22,374.34,1.28,0.74
2016-10-23,374.38,1.18,0.74
2016-10-24,374.43,1.18,0.74
2016-10-25,374.46,1.28,0.74
2016-10-26,374.5,1.07,0.74
2016-10-27,374.54,1.07,0.74
2016-10-28,374.57,1.18,0.74
2016-10-29,374.61,1.07,0.74
2016-10-30,374.63,1.07,0.74
2016-10-31,374.66,0.96,0.74
2016-11-01,374.69,1.07,0.74
2016-11-02,374.71,0.96,0.74
2016-11-03,374.73,0.96,0.74
2016-11-04,374.75,0.85,0.74
2016-11-05,374.76,0.96,0.74
2016-11-06,374.77,0.85,0.74
2016-11-07,374.78,0.74,0.74
2016-11-08,374.79,0.84,0.74
2016-11-09,374.79,0.72,0.72
2016-11-10,374.8,0.84,0.73
2016-11-11,374.89,2.47,0.73
2016-11-12,374.99,1.28,0.73
2016-11-13,375.02,0.95,0.73
2016-11-14,375.05,1.06,0.73
2016-11-15,375.08,1.06,0.73
2016-11-16,375.1,0.95,0.73
2016-11-17,375.11,0.84,0.73
2016-11-18,375.13,0.84,0.73
2016-11-19,375.14,1.06,0.73
2016-11-20,375.16,0.84,0.73
2016-11-21,375.18,0.95,0.73
2016-11-22,375.2,0.84,0.73
2016-11-23,375.21,0.84,0.73
2016-11-24,375.23,1.06,0.73
2016-11-25,375.24,0.84,0.73
2016-11-26,375.25,0.84,0.73
2016-11-27,375.27,0.95,0.73
2016-11-28,375.31,1.28,0.73
2016-11-29,375.34,0.95,0.73
2016-11-30,375.36,0.95,0.73
2016-12-01,375.38,0.95,0.73
2016-12-02,375.4,0.84,0.73
2016-12-03,375.41,0.84,0.73
2016-12-04,375.42,0.95,0.73
2016-12-05,375.45,1.06,0.73
2016-12-06,375.47,0.84,0.73
2016-12-07,375.48,0.84,0.73
2016-12-08,375.49,0.84,0.73
2016-12-09,375.49,0.84,0.73
2016-12-10,375.5,0.73,0.73
2016-12-11,375.5,0.73,0.73
2016-12-12,375.51,0.84,0.73
2016-12-13,375.51,0.73,0.73
2016-12-14,375.57,1.73,0.73
2016-12-15,375.62,1.06,0.73
2016-12-16,375.64,0.84,0.73
2016-12-17,375.64,0.74,0.74
2016-12-18,375.65,0.95,0.73
2016-12-19,375.66,0.73,0.73
2016-12-20,375.67,0.84,0.73
2016-12-21,375.67,0.84,0.73
2016-12-22,375.68,0.95,0.73
2016-12-23,375.75,1.51,0.73
2016-12-24,375.78,0.95,0.73
2016-12-25,375.8,0.84,0.73
2016-12-26,375.81,0.95,0.73
2016-12-27,375.84,1.06,0.73
2016-12-28,375.86,0.84,0.73
2016-12-29,375.87,0.95,0.73
2016-12-30,375.88,0.73,0.73
2016-12-31,375.89,0.84,0.73
2017-01-01,375.9,0.84,0.73
2017-01-02,375.91,0.84,0.73
2017-01-03,375.91,0.73,0.73
2017-01-04,375.92,0.84,0.73
2017-01-05,375.92,0.62,0.73
2017-01-06,375.91,0.73,0.73
2017-01-07,375.91,0.73,0.73
2017-01-08,375.92,1.06,0.73
2017-01-09,375.96,1.06,0.73
2017-01-10,375.98,0.84,0.73
2017-01-11,375.98,0.73,0.73
2017-01-12,375.99,0.84,0.73
2017-01-13,375.99,0.73,0.73
2017-01-14,375.99,0.84,0.73
2017-01-15,375.99,0.51,0.73
2017-01-16,375.98,0.73,0.73
2017-01-17,375.98,0.62,0.73
2017-01-18,375.97,0.73,0.73
2017-01-19,375.97,0.73,0.73
2017-01-20,375.97,0.62,0.73
2017-01-21,375.96,0.73,0.73
2017-01-22,375.95,0.62,0.73
2017-01-23,375.95,0.62,0.73
2017-01-24,375.94,0.62,0.73
2017-01-25,375.93,0.62,0.73
2017-01-26,375.92,0.62,0.73
2017-01-27,375.91,0.73,0.73
2017-01-28,375.9,0.62,0.73
2017-01-29,375.9,0.62,0.73
2017-01-30,375.89,0.84,0.73
2017-01-31,375.89,0.51,0.73
2017-02-01,375.88,0.73,0.73
2017-02-02,375.87,0.51,0.73
2017-02-03,375.85,0.51,0.73
2017-02-04,375.84,0.62,0.73
2017-02-05,375.83,0.62,0.73
2017-02-06,375.82,0.62,0.73
2017-02-07,375.8,0.51,0.73
2017-02-08,375.79,0.62,0.73
2017-02-09,375.77,0.62,0.73
2017-02-10,375.77,0.62,0.73
2017-02-11,375.75,0.51,0.73
2017-02-12,375.74,0.51,0.73
2017-02-13,375.72,0.62,0.73
2017-02-14,375.7,0.51,0.73
2017-02-15,375.69,0.73,0.73
2017-02-16,375.68,0.4,0.73
2017-02-17,375.65,0.62,0.73
2017-02-18,375.64,0.62,0.73
2017-02-19,375.63,0.51,0.73
2017-02-20,375.62,0.74,0.74
2017-02-21,375.6,0.51,1.51
2017-02-22,375.37,0.59,4.02
2017-02-23,375.07,0.71,4.02
2017-02-24,374.78,0.61,3.12
2017-02-25,374.63,0.71,2.02
2017-02-26,374.5,0.61,2.02
2017-02-27,374.38,0.61,2.02
2017-02-28,374.25,0.72,2.02
2017-03-01,374.13,0.57,1.44
2017-03-02,374.11,0.61,0.73
2017-03-03,374.1,0.62,0.73
2017-03-04,374.08,0.51,0.73
2017-03-05,374.05,0.53,1.07
2017-03-06,373.95,0.52,2.02
2017-03-07,373.8,0.62,2.54
2017-03-08,373.53,0.5,4.03
2017-03-09,373.21,0.6,4.02
2017-03-10,372.9,0.66,3.4
2017-03-11,372.71,0.53,2.21
2017-03-12,372.55,0.64,2.21
2017-03-13,372.4,0.64,2.21
2017-03-14,372.25,0.64,2.21
2017-03-15,372.11,0.74,2.21
2017-03-16,371.96,0.54,2.22
2017-03-17,371.8,0.53,2.21
2017-03-18,371.64,0.63,2.21
2017-03-19,371.49,0.52,2.21
2017-03-20,371.33,0.52,2.21
2017-03-21,371.18,0.84,2.21
2017-03-22,371.06,0.61,1.55
2017-03-23,371.02,0.52,0.73
2017-03-24,370.99,0.46,1.08
2017-03-25,370.87,0.47,2.02
2017-03-26,370.73,0.78,2.02
2017-03-27,370.65,1.07,1.28
2017-03-28,370.66,0.74,0.74
2017-03-29,370.65,0.64,0.74
2017-03-30,370.64,0.64,0.74
2017-03-31,370.65,1.05,0.74
2017-04-01,370.68,0.95,0.74
2017-04-02,370.69,0.74,0.74
2017-04-03,370.69,0.83,1.04
2017-04-04,370.61,0.79,2.03
2017-04-05,370.49,0.89,2.03
2017-04-06,370.39,0.99,2.03
2017-04-07,370.29,1.1,2.03
2017-04-08,370.22,1.19,1.5
2017-04-09,370.24,1.15,0.73
2017-04-10,370.27,0.94,0.73
2017-04-11,370.32,2.18,0.73
2017-04-12,370.5,2.18,0.73
2017-04-13,370.6,1.56,0.73
2017-04-14,370.67,1.35,0.73
2017-04-15,370.72,1.15,0.73
2017-04-16,370.76,1.15,0.73
2017-04-17,370.79,1.04,0.73
2017-04-18,370.87,1.77,0.73
2017-04-19,370.93,1.25,0.73
2017-04-20,370.97,0.94,0.73
2017-04-21,371.0,1.15,0.73
2017-04-22,371.04,1.15,0.73
2017-04-23,371.08,1.05,0.73
2017-04-24,371.1,0.94,0.73
2017-04-25,371.12,0.84,0.73
2017-04-26,371.14,0.94,0.73
2017-04-27,371.15,0.94,0.73
2017-04-28,371.17,0.84,0.73
2017-04-29,371.18,0.84,0.73
2017-04-30,371.19,0.84,0.73
2017-05-01,371.2,0.84,0.73
2017-05-02,371.21,0.84,0.73
2017-05-03,371.21,0.73,0.73
2017-05-04,371.21,0.73,0.73
2017-05-05,371.22,0.84,0.73
2017-05-06,371.22,0.73,0.73
2017-05-07,371.22,0.73,0.73
2017-05-08,371.22,0.73,0.73
2017-05-09,371.21,0.62,0.73
2017-05-10,371.21,0.73,0.73
2017-05-11,371.21,0.73,0.73
2017-05-12,371.2,0.62,0.73
2017-05-13,371.22,1.15,0.73
2017-05-14,371.25,0.84,0.73
2017-05-15,371.25,0.73,0.73
2017-05-16,371.25,0.73,0.73
2017-05-17,371.25,0.73,0.73
2017-05-18,371.25,0.84,0.73
2017-05-19,371.26,0.84,0.73
2017-05-20,371.26,0.62,0.73
2017-05-21,371.26,0.73,0.73
2017-05-22,371.26,0.62,0.73
2017-05-23,371.25,0.73,0.73
2017-05-24,371.24,0.62,0.73
2017-05-25,371.25,0.84,0.73
2017-05-26,371.26,0.84,0.73
2017-05-27,371.27,0.94,0.73
2017-05-28,371.28,0.73,0.73
2017-05-29,371.28,0.73,0.73
2017-05-30,371.28,0.62,0.73
2017-05-31,371.26,0.72,1.35
2017-06-01,371.12,0.73,2.52
2017-06-02,370.96,0.75,2.52
2017-06-03,370.78,0.65,2.51
2017-06-04,370.6,0.64,2.51
2017-06-05,370.41,0.64,2.92
2017-06-06,370.12,0.61,4.03
2017-06-07,369.79,0.67,4.03
2017-06-08,369.46,0.66,4.03
2017-06-09,369.12,0.58,4.04
2017-06-10,368.8,0.66,3.27
2017-06-11,368.69,0.52,0.72
2017-06-12,368.66,0.58,1.09
2017-06-13,368.55,0.3,1.71
2017-06-14,368.42,0.61,1.71
2017-06-15,368.29,0.45,2.46
2017-06-16,367.94,0.45,4.91
2017-06-17,367.48,0.39,4.93
2017-06-18,367.02,0.51,5.02
2017-06-19,366.55,0.39,4.95
2017-06-20,366.09,0.5,5.23
2017-06-21,365.56,1.21,5.79
2017-06-22,365.11,0.73,5.57
2017-06-23,364.55,0.43,5.59
2017-06-24,364.05,0.44,5.01
2017-06-25,363.55,0.4,5.01
2017-06-26,363.05,0.43,5.02
2017-06-27,362.54,0.38,5.0
2017-06-28,362.05,0.68,5.0
2017-06-29,361.56,0.46,5.01
2017-06-30,361.06,0.55,4.63
2017-07-01,360.68,0.64,3.53
2017-07-02,360.35,0.64,3.52
2017-07-03,360.01,0.53,3.66
2017-07-04,359.68,3.76,3.41
2017-07-05,360.17,4.57,0.74
2017-07-06,360.39,1.96,0.74
2017-07-07,360.45,1.34,1.78
2017-07-08,360.31,1.14,2.71
2017-07-09,360.12,1.05,2.71
2017-07-10,359.92,0.91,2.72
2017-07-11,359.71,0.94,2.92
2017-07-12,359.46,2.06,3.43
2017-07-13,359.38,1.69,2.72
2017-07-14,359.25,1.95,2.72
2017-07-15,359.15,1.52,2.72
2017-07-16,358.99,1.27,2.71
2017-07-17,358.82,1.2,2.71
2017-07-18,358.62,1.31,3.24
2017-07-19,358.34,1.1,3.71
2017-07-20,358.02,0.95,3.71
2017-07-21,357.69,0.99,3.72
2017-07-22,357.36,0.98,3.71
2017-07-23,357.02,0.92,3.71
2017-07-24,356.68,0.87,3.72
2017-07-25,356.38,2.0,3.71
2017-07-26,356.36,3.37,1.75
2017-07-27,356.53,1.84,2.17
2017-07-28,356.3,1.19,3.71
2017-07-29,356.01,1.78,3.24
2017-07-30,356.16,3.57,0.73
2017-07-31,356.44,2.74,1.44
2017-08-01,356.42,2.83,2.99
2017-08-02,356.64,3.32,0.72
2017-08-03,356.91,2.67,0.72
2017-08-04,357.13,2.38,0.72
2017-08-05,357.31,2.05,0.72
2017-08-06,357.46,1.88,0.72
2017-08-07,357.65,4.78,0.72
2017-08-08,358.55,8.49,0.73
2017-08-09,359.22,5.27,0.72
2017-08-10,359.67,3.99,0.73
2017-08-11,360.0,3.42,0.73
2017-08-12,360.3,3.09,0.73
2017-08-13,360.54,2.83,0.73
2017-08-14,360.77,2.74,0.73
2017-08-15,361.06,4.1,0.73
2017-08-16,361.65,7.33,0.73
2017-08-17,362.34,6.26,0.73
2017-08-18,362.87,4.91,0.73
2017-08-19,363.32,7.1,0.73
2017-08-20,364.3,9.41,0.72
2017-08-21,365.04,6.5,0.72
2017-08-22,365.56,5.01,0.72
2017-08-23,365.96,4.19,0.73
2017-08-24,366.28,3.55,0.73
2017-08-25,366.55,3.16,0.73
2017-08-26,366.77,2.77,0.73
2017-08-27,366.97,2.49,0.73
2017-08-28,367.13,2.34,1.25
2017-08-29,367.14,2.24,2.73
2017-08-30,367.08,2.14,2.73
2017-08-31,367.03,2.34,2.73
2017-09-01,366.98,1.94,2.23
2017-09-02,367.12,3.61,1.15
2017-09-03,367.3,2.11,0.73
2017-09-04,367.43,1.82,0.73
2017-09-05,367.54,1.82,0.73
2017-09-06,367.66,1.92,0.73
2017-09-07,367.76,1.72,0.73
2017-09-08,367.82,1.62,1.72
2017-09-09,367.75,1.53,2.52
2017-09-10,367.65,1.53,2.52
2017-09-11,367.55,1.52,2.51
2017-09-12,367.45,1.52,2.51
2017-09-13,367.35,1.52,2.51
2017-09-14,367.24,1.42,2.51
2017-09-15,367.13,1.42,2.51
2017-09-16,367.02,1.62,2.51
2017-09-17,367.05,4.01,1.45
2017-09-18,367.62,6.55,0.73
2017-09-19,367.98,3.32,0.74
2017-09-20,368.2,2.64,0.73
2017-09-21,368.37,2.24,0.73
2017-09-22,368.51,2.14,0.73
2017-09-23,368.68,2.44,0.73
2017-09-24,368.82,2.04,0.73
2017-09-25,368.94,1.83,0.73
2017-09-26,369.04,1.65,0.73
2017-09-27,369.13,1.75,0.73
2017-09-28,369.23,1.75,0.73
2017-09-29,369.32,1.55,0.73
2017-09-30,369.39,1.44,0.73
2017-10-01,369.46,1.34,0.73
2017-10-02,369.52,1.34,0.73
2017-10-03,369.58,1.24,0.73
2017-10-04,369.63,1.24,0.73
2017-10-05,369.67,1.14,0.73
2017-10-06,369.72,1.66,0.74
2017-10-07,369.9,2.68,0.74
2017-10-08,370.03,1.77,0.74
2017-10-09,370.11,1.47,0.74
2017-10-10,370.18,1.47,0.74
2017-10-11,370.24,1.36,0.74
2017-10-12,370.3,1.36,0.74
2017-10-13,370.36,1.57,0.74
2017-10-14,370.44,1.36,0.74
2017-10-15,370.51,1.67,0.74
2017-10-16,370.66,3.02,0.74
2017-10-17,370.97,4.5,0.74
2017-10-18,371.28,3.48,0.74
2017-10-19,371.57,4.33,0.74
2017-10-20,371.94,4.85,0.74
2017-10-21,372.36,5.57,0.74
2017-10-22,373.46,25.08,0.74
2017-10-23,378.28,62.59,0.74
2017-10-24,381.15,19.49,0.74
2017-10-25,382.29,11.81,0.74
2017-10-26,383.01,8.17,0.74
2017-10-27,383.52,6.46,0.74
2017-10-28,383.93,5.85,0.74
2017-10-29,384.43,11.46,0.74
2017-10-30,385.45,12.15,0.74
2017-10-31,386.13,8.29,0.74
2017-11-01,386.62,6.46,0.74
2017-11-02,387.01,5.43,0.75
2017-11-03,387.33,4.78,0.74
2017-11-04,387.61,4.24,0.74
2017-11-05,387.82,3.56,3.16
2017-11-06,387.43,3.24,11.87
2017-11-07,386.77,2.73,11.79
2017-11-08,386.08,2.47,11.74
2017-11-09,385.36,2.23,11.81
2017-11-10,384.62,2.1,11.79
2017-11-11,383.87,2.06,11.77
2017-11-12,383.1,1.9,11.75
2017-11-13,382.31,1.87,11.72
2017-11-14,381.51,1.75,11.69
2017-11-15,380.7,1.73,11.66
2017-11-16,379.86,1.59,11.62
2017-11-17,379.01,1.48,11.6
2017-11-18,378.15,1.6,11.57
2017-11-19,377.27,1.26,11.54
2017-11-20,376.41,1.38,9.37
2017-11-21,375.9,1.27,6.27
2017-11-22,375.54,1.57,3.34
2017-11-23,375.53,1.6,1.49
2017-11-24,375.52,1.38,1.61
2017-11-25,375.5,1.29,1.4
2017-11-26,375.49,1.29,1.4
2017-11-27,375.48,1.29,1.4
2017-11-28,375.47,1.18,1.4
2017-11-29,375.45,1.18,1.4
2017-11-30,375.44,1.19,1.19
2017-12-01,375.45,1.12,1.01
2017-12-02,375.46,1.12,1.01
2017-12-03,375.47,1.12,1.01
2017-12-04,375.47,1.01,1.01
2017-12-05,375.47,1.05,0.94
2017-12-06,375.49,1.05,0.72
2017-12-07,375.52,0.94,0.72
2017-12-08,375.54,1.05,0.72
2017-12-09,375.57,0.94,0.72
2017-12-10,375.6,1.06,0.73
2017-12-11,375.62,0.84,0.73
2017-12-12,375.63,0.95,0.73
2017-12-13,375.65,0.84,0.73
2017-12-14,375.66,0.84,0.73
2017-12-15,375.67,0.95,0.73
2017-12-16,375.68,0.84,0.73
2017-12-17,375.69,0.84,0.73
2017-12-18,375.7,0.73,0.73
2017-12-19,375.71,0.84,0.73
2017-12-20,375.71,0.84,0.73
2017-12-21,375.72,0.73,0.73
2017-12-22,375.73,0.84,0.73
2017-12-23,375.73,0.73,0.73
2017-12-24,375.73,0.84,0.73
2017-12-25,375.76,0.95,0.73
2017-12-26,375.76,0.73,0.73
2017-12-27,375.76,0.73,0.73
2017-12-28,375.76,0.73,0.73
2017-12-29,375.76,0.73,0.73
2017-12-30,375.76,0.73,0.73
2017-12-31,375.76,0.73,0.73
2018-01-01,375.75,0.62,0.73
2018-01-02,375.75,0.73,0.73
2018-01-03,375.75,0.62,0.73
2018-01-04,375.74,0.62,0.73
2018-01-05,375.73,0.62,0.73
2018-01-06,375.72,0.73,0.73
2018-01-07,375.72,0.62,0.73
2018-01-08,375.71,0.73,0.73
2018-01-09,375.72,0.84,0.73
2018-01-10,375.72,0.73,0.73
2018-01-11,375.71,0.62,0.73
2018-01-12,375.7,0.62,0.73
2018-01-13,375.69,0.62,0.73
2018-01-14,375.68,0.51,0.73
2018-01-15,375.67,0.62,0.73
2018-01-16,375.66,0.73,0.73
2018-01-17,375.65,0.73,0.73
2018-01-18,375.65,0.62,0.73
2018-01-19,375.65,0.62,0.73
2018-01-20,375.64,0.62,0.73
2018-01-21,375.63,0.62,0.73
2018-01-22,375.62,0.84,0.73
2018-01-23,375.62,0.62,0.73
2018-01-24,375.62,0.62,0.73
2018-01-25,375.6,0.51,0.73
2018-01-26,375.58,0.5,0.72
2018-01-27,375.56,0.61,0.72
2018-01-28,375.55,0.5,0.72
2018-01-29,375.54,0.61,0.72
2018-01-30,375.52,0.5,0.72
2018-01-31,375.51,0.73,0.73
2018-02-01,375.49,0.39,0.72
2018-02-02,375.48,0.61,0.72
2018-02-03,375.47,0.61,0.72
2018-02-04,375.46,0.61,0.72
2018-02-05,375.44,0.5,0.73
2018-02-06,375.42,0.5,0.72
2018-02-07,375.4,0.5,0.72
2018-02-08,375.38,0.5,0.72
2018-02-09,375.36,0.5,0.72
2018-02-10,375.34,0.61,0.72
2018-02-11,375.33,0.5,0.72
2018-02-12,375.31,0.5,0.72
2018-02-13,375.29,0.5,0.72
2018-02-14,375.27,0.5,0.72
2018-02-15,375.25,0.5,0.72
2018-02-16,375.23,0.5,0.72
2018-02-17,375.22,0.5,0.72
2018-02-18,375.19,0.5,0.72
2018-02-19,375.17,0.5,0.72
2018-02-20,375.15,0.39,0.72
2018-02-21,375.12,0.5,0.72
2018-02-22,375.1,0.5,0.72
2018-02-23,375.08,0.5,0.72
2018-02-24,375.06,0.5,0.72
2018-02-25,375.04,0.5,0.72
2018-02-26,375.02,0.5,0.72
2018-02-27,375.0,0.5,0.72
2018-02-28,374.98,0.5,0.72
2018-03-01,375.04,1.82,0.72
2018-03-02,375.08,0.83,0.72
2018-03-03,375.08,0.61,0.72
2018-03-04,375.07,0.61,0.72
2018-03-05,375.06,0.83,0.72
2018-03-06,375.08,0.83,0.72
2018-03-07,375.08,0.61,0.72
2018-03-08,375.09,1.83,0.72
2018-03-09,375.48,6.04,0.72
2018-03-10,375.74,2.39,0.73
2018-03-11,375.85,1.62,0.73
2018-03-12,375.92,1.4,0.73
2018-03-13,375.96,1.17,0.73
2018-03-14,376.0,1.06,0.73
2018-03-15,376.03,1.07,0.73
2018-03-16,376.06,1.07,0.73
2018-03-17,376.08,0.84,0.73
2018-03-18,376.09,0.96,0.73
2018-03-19,376.1,0.84,0.73
2018-03-20,376.13,1.07,0.73
2018-03-21,376.17,1.41,0.73
2018-03-22,376.31,3.32,0.73
2018-03-23,376.53,2.76,0.73
2018-03-24,376.7,2.53,0.73
2018-03-25,376.84,2.08,0.73
2018-03-26,376.95,1.97,0.73
2018-03-27,377.05,1.76,0.73
2018-03-28,377.14,1.65,0.73
2018-03-29,377.21,1.65,0.73
2018-03-30,377.28,1.42,0.73
2018-03-31,377.33,1.3,0.73
2018-04-01,377.38,1.3,0.73
2018-04-02,377.43,1.19,0.73
2018-04-03,377.47,1.19,0.73
2018-04-04,377.51,1.07,0.73
2018-04-05,377.54,1.07,0.73
2018-04-06,377.57,1.06,0.72
2018-04-07,377.6,1.06,0.72
2018-04-08,377.62,0.95,0.72
2018-04-09,377.64,0.95,0.72
2018-04-10,377.65,0.84,0.73
2018-04-11,377.67,0.95,0.72
2018-04-12,377.69,0.95,0.72
2018-04-13,377.71,0.83,0.72
2018-04-14,377.71,0.83,0.72
2018-04-15,377.73,0.95,0.72
2018-04-16,377.74,0.83,0.72
2018-04-17,377.75,0.83,0.72
2018-04-18,377.81,1.64,0.72
2018-04-19,377.85,0.95,0.72
2018-04-20,377.88,0.95,0.72
2018-04-21,377.89,0.95,0.72
2018-04-22,377.91,0.83,0.72
2018-04-23,377.92,0.83,0.72
2018-04-24,377.93,0.83,0.72
2018-04-25,377.98,1.76,0.72
2018-04-26,378.04,1.19,0.72
2018-04-27,378.07,0.95,0.72
2018-04-28,378.1,0.95,0.72
2018-04-29,378.12,0.95,0.72
2018-04-30,378.13,0.95,0.72
2018-05-01,378.15,0.84,0.72
2018-05-02,378.16,0.95,0.72
2018-05-03,378.18,0.95,0.72
2018-05-04,378.2,0.95,0.72
2018-05-05,378.21,0.72,0.72
2018-05-06,378.22,0.84,0.72
2018-05-07,378.23,1.19,0.72
2018-05-08,378.28,1.3,0.72
2018-05-09,378.42,2.94,0.72
2018-05-10,378.56,2.0,0.72
2018-05-11,378.65,1.54,0.72
2018-05-12,378.71,1.42,0.72
2018-05-13,378.79,2.47,0.72
2018-05-14,378.98,2.49,0.74
2018-05-15,379.09,1.92,0.73
2018-05-16,379.18,1.68,0.73
2018-05-17,379.26,1.56,0.73
2018-05-18,379.32,1.51,1.27
2018-05-19,379.27,1.44,2.51
2018-05-20,379.17,1.31,2.5
2018-05-21,379.06,1.2,2.98
2018-05-22,378.85,1.22,4.02
2018-05-23,378.61,1.22,4.02
2018-05-24,378.37,1.22,4.02
2018-05-25,378.12,1.02,3.7
2018-05-26,377.94,1.08,3.03
2018-05-27,377.76,0.99,3.05
2018-05-28,377.58,0.96,3.02
2018-05-29,377.4,0.96,3.02
2018-05-30,377.22,1.18,3.01
2018-05-31,377.06,1.07,3.01
2018-06-01,376.89,0.84,2.42
2018-06-02,376.83,0.82,1.04
2018-06-03,376.81,0.82,1.04
2018-06-04,376.79,0.81,1.03
2018-06-05,376.75,0.62,1.63
2018-06-06,376.6,1.22,3.02
2018-06-07,376.44,1.0,3.02
2018-06-08,376.25,0.88,3.02
2018-06-09,376.06,0.78,3.02
2018-06-10,375.85,1.07,3.62
2018-06-11,375.67,3.62,4.61
2018-06-12,375.58,2.47,3.58
2018-06-13,375.51,1.73,2.51
2018-06-14,375.42,1.4,2.51
2018-06-15,375.32,1.4,2.51
2018-06-16,375.22,1.4,2.51
2018-06-17,375.13,1.26,2.26
2018-06-18,375.0,1.27,3.24
2018-06-19,374.77,1.26,4.09
2018-06-20,374.53,1.76,3.61
2018-06-21,374.39,1.43,3.39
2018-06-22,374.17,1.41,4.02
2018-06-23,373.93,1.78,4.03
2018-06-24,373.71,1.39,4.06
2018-06-25,373.45,1.29,4.06
2018-06-26,373.19,1.18,4.06
2018-06-27,372.92,1.11,4.06
2018-06-28,372.64,1.23,4.06
2018-06-29,372.36,1.02,4.06
2018-06-30,372.09,0.94,3.35
2018-07-01,371.92,1.05,2.53
2018-07-02,371.77,0.84,2.53
2018-07-03,371.62,0.95,2.53
2018-07-04,371.46,0.84,2.53
2018-07-05,371.33,1.01,1.75
2018-07-06,371.34,1.37,0.84
2018-07-07,371.38,1.05,0.73
2018-07-08,371.4,0.84,0.73
2018-07-09,371.41,1.1,1.0
2018-07-10,371.41,1.65,1.23
2018-07-11,371.5,1.89,1.05
2018-07-12,371.57,1.36,0.73
2018-07-13,371.61,1.15,0.73
2018-07-14,371.64,0.95,0.73
2018-07-15,371.67,0.95,0.74
2018-07-16,371.69,1.06,0.74
2018-07-17,371.71,0.85,0.74
2018-07-18,371.72,0.85,0.74
2018-07-19,371.73,0.85,0.74
2018-07-20,371.74,0.85,0.74
2018-07-21,371.73,0.76,1.18
2018-07-22,371.67,0.78,1.3
2018-07-23,371.65,0.73,0.73
2018-07-24,371.63,0.56,1.3
2018-07-25,371.53,0.68,1.73
2018-07-26,371.46,0.85,1.16
2018-07-27,371.45,0.74,0.74
2018-07-28,371.64,15.67,2.52
2018-07-29,373.55,23.79,12.52
2018-07-30,373.54,9.6,14.94
2018-07-31,372.84,6.1,14.76
2018-08-01,372.11,4.33,9.48
2018-08-02,371.88,3.54,4.91
2018-08-03,371.77,2.91,3.86
2018-08-04,371.72,2.67,2.88
2018-08-05,371.73,2.35,2.14
2018-08-06,371.73,2.45,2.76
2018-08-07,371.67,2.6,3.13
2018-08-08,371.84,10.91,2.91
2018-08-09,373.37,24.57,10.68
2018-08-10,373.59,11.0,14.52
2018-08-11,373.09,8.22,14.48
2018-08-12,372.43,6.65,13.79
2018-08-13,372.07,11.22,7.34
2018-08-14,372.79,9.78,4.95
2018-08-15,372.99,6.81,6.29
2018-08-16,372.97,5.52,6.15
2018-08-17,372.87,4.73,6.31
2018-08-18,372.72,4.7,6.28
2018-08-19,372.55,4.37,6.26
2018-08-20,372.36,4.03,6.23
2018-08-21,372.12,3.44,6.27
2018-08-22,371.85,2.7,4.91
2018-08-23,371.7,3.19,4.56
2018-08-24,371.63,6.24,6.03
2018-08-25,371.65,3.69,3.69
2018-08-26,371.73,3.3,2.03
2018-08-27,371.8,3.28,3.17
2018-08-28,371.73,2.86,3.92
2018-08-29,371.67,2.72,2.93
2018-08-30,371.67,2.42,2.53
2018-08-31,371.65,2.28,2.38
2018-09-01,371.65,2.41,2.41
2018-09-02,371.65,2.86,2.75
2018-09-03,371.67,2.28,2.28
2018-09-04,371.64,3.34,3.66
2018-09-05,371.71,5.23,4.07
2018-09-06,371.73,3.75,4.07
2018-09-07,371.67,3.05,3.58
2018-09-08,371.71,2.98,2.03
2018-09-09,371.79,2.78,2.15
2018-09-10,371.8,2.88,3.2
2018-09-11,371.8,2.74,2.53
2018-09-12,371.8,2.53,2.53
2018-09-13,371.79,2.2,2.62
2018-09-14,371.73,2.25,2.99
2018-09-15,371.68,2.68,2.89
2018-09-16,371.7,2.55,2.02
2018-09-17,371.73,2.24,2.03
2018-09-18,371.73,2.11,2.53
2018-09-19,371.7,2.03,2.03
2018-09-20,371.7,2.44,2.44
2018-09-21,371.7,3.84,3.53
2018-09-22,371.75,3.89,3.67
2018-09-23,371.72,3.32,4.05
2018-09-24,371.68,2.89,3.0
2018-09-25,371.67,3.28,3.38
2018-09-26,371.67,3.78,3.57
2018-09-27,371.71,8.98,8.98
2018-09-28,371.67,6.37,6.58
2018-09-29,371.63,5.83,6.04
2018-09-30,371.7,12.9,6.16
2018-10-01,374.84,42.38,1.17
2018-10-02,376.78,14.41,0.73
2018-10-03,377.72,9.33,0.73
2018-10-04,378.34,7.02,0.73
2018-10-05,378.82,5.62,0.73
2018-10-06,379.2,4.89,0.73
2018-10-07,379.52,4.29,0.73
2018-10-08,379.79,3.7,0.73
2018-10-09,380.03,3.38,0.74
2018-10-10,380.24,3.15,0.73
2018-10-11,380.42,2.77,0.72
2018-10-12,380.6,2.77,0.72
2018-10-13,380.75,2.54,0.73
2018-10-14,380.89,2.42,0.73
2018-10-15,381.02,2.2,0.73
2018-10-16,381.14,2.21,0.73
2018-10-17,381.25,1.96,0.73
2018-10-18,381.35,1.95,0.72
2018-10-19,381.44,1.83,0.72
2018-10-20,381.53,1.71,0.73
2018-10-21,381.61,1.71,0.73
2018-10-22,381.69,1.59,0.73
2018-10-23,381.75,1.59,0.73
2018-10-24,381.82,1.47,0.73
2018-10-25,381.88,1.47,0.73
2018-10-26,381.94,1.47,0.73
2018-10-27,382.0,1.47,0.73
2018-10-28,382.06,1.36,0.73
2018-10-29,382.11,1.36,0.73
2018-10-30,382.15,1.23,0.73
2018-10-31,382.19,1.23,0.73
2018-11-01,382.23,1.11,0.73
2018-11-02,382.26,1.11,0.73
2018-11-03,382.29,1.23,0.73
2018-11-04,382.32,1.11,0.73
2018-11-05,382.35,1.11,0.73
2018-11-06,382.39,1.36,0.73
2018-11-07,382.44,1.23,0.73
2018-11-08,382.47,0.99,0.74
2018-11-09,382.49,1.11,0.73
2018-11-10,382.52,0.98,0.73
2018-11-11,382.54,0.98,0.73
2018-11-12,382.56,0.98,0.73
2018-11-13,382.58,0.98,0.73
2018-11-14,382.61,1.11,0.73
2018-11-15,382.63,0.86,0.73
2018-11-16,382.64,0.98,0.73
2018-11-17,382.65,0.86,0.73
2018-11-18,382.67,0.86,0.73
2018-11-19,382.68,0.98,0.73
2018-11-20,382.69,0.73,0.73
2018-11-21,382.7,0.86,0.73
2018-11-22,382.7,0.86,0.73
2018-11-23,382.71,0.73,0.73
2018-11-24,382.72,0.86,0.73
2018-11-25,382.72,0.73,0.73
2018-11-26,382.72,0.73,0.73
2018-11-27,382.73,0.86,0.73
2018-11-28,382.73,0.86,0.73
2018-11-29,382.74,0.73,0.73
2018-11-30,382.74,0.73,0.73
2018-12-01,382.74,0.73,0.73
2018-12-02,382.74,0.73,0.73
2018-12-03,382.73,0.61,0.73
2018-12-04,382.74,0.98,0.73
2018-12-05,382.74,0.61,0.73
2018-12-06,382.75,0.86,0.73
2018-12-07,382.75,0.73,0.73
2018-12-08,382.74,0.61,0.73
2018-12-09,382.74,0.61,0.73
2018-12-10,382.73,0.61,0.73
2018-12-11,382.72,0.86,0.73
2018-12-12,382.75,1.11,0.73
2018-12-13,382.77,0.86,0.73
2018-12-14,382.76,0.61,0.73
2018-12-15,382.76,0.61,0.73
2018-12-16,382.75,0.61,0.73
2018-12-17,382.75,0.73,0.73
2018-12-18,382.74,0.73,0.73
2018-12-19,382.73,0.61,0.73
2018-12-20,382.72,0.61,0.73
2018-12-21,382.71,0.61,0.73
2018-12-22,382.71,0.61,0.73
2018-12-23,382.7,0.73,0.73
2018-12-24,382.69,0.48,0.73
2018-12-25,382.68,0.61,0.73
2018-12-26,382.67,0.61,0.73
2018-12-27,382.66,0.61,0.73
2018-12-28,382.64,0.48,0.73
2018-12-29,382.63,0.61,0.73
2018-12-30,382.61,0.48,0.73
2018-12-31,382.59,0.48,0.73
2019-01-01,382.58,0.61,0.73
2019-01-02,382.57,0.61,0.73
2019-01-03,382.55,0.48,0.73
2019-01-04,382.53,0.48,0.73
2019-01-05,382.52,0.61,0.73
2019-01-06,382.5,0.48,0.73
2019-01-07,382.49,0.61,0.73
2019-01-08,382.47,0.48,0.73
2019-01-09,382.45,0.48,0.73
2019-01-10,382.43,0.61,0.73
2019-01-11,382.42,0.48,0.73
2019-01-12,382.4,0.48,0.73
2019-01-13,382.39,0.61,0.73
2019-01-14,382.37,0.48,0.73
2019-01-15,382.35,0.61,0.73
2019-01-16,382.34,0.62,0.74
2019-01-17,382.33,0.24,0.74
2019-01-18,382.29,0.49,0.74
2019-01-19,382.27,0.49,0.74
2019-01-20,382.26,0.62,0.74
2019-01-21,382.24,0.37,0.75
2019-01-22,382.21,0.48,0.73
2019-01-23,382.19,0.61,0.73
2019-01-24,382.18,0.36,0.73
2019-01-25,382.15,0.48,0.73
2019-01-26,382.14,0.61,0.73
2019-01-27,382.11,0.36,0.73
2019-01-28,382.09,0.48,0.73
2019-01-29,382.07,0.36,0.73
2019-01-30,382.04,0.48,0.73
2019-01-31,382.03,0.73,0.73
2019-02-01,382.03,0.61,0.73
2019-02-02,382.01,0.48,0.73
2019-02-03,381.99,0.61,0.73
2019-02-04,381.97,0.38,0.75
2019-02-05,381.94,0.39,0.76
2019-02-06,381.91,0.27,0.76
2019-02-07,381.88,0.39,0.76
2019-02-08,381.84,0.27,0.76
2019-02-09,381.81,0.39,0.76
2019-02-10,381.77,0.27,0.76
2019-02-11,381.74,0.39,0.76
2019-02-12,381.7,0.27,0.76
2019-02-13,381.66,0.27,0.76
2019-02-14,381.63,0.39,0.76
2019-02-15,381.58,0.05,1.15
2019-02-16,381.44,0.15,2.12
2019-02-17,381.27,0.01,2.1
2019-02-18,381.1,0.0,2.08
2019-02-19,380.94,0.13,2.06
2019-02-20,380.78,0.11,2.04
2019-02-21,380.62,0.21,2.03
2019-02-22,380.46,0.07,2.01
2019-02-23,380.31,0.05,1.99
2019-02-24,380.15,0.03,1.97
2019-02-25,380.0,0.15,1.95
2019-02-26,379.85,0.32,1.99
2019-02-27,379.71,0.47,2.01
2019-02-28,379.59,0.84,2.03
2019-03-01,379.51,0.67,1.26
2019-03-02,379.49,0.48,0.72
2019-03-03,379.47,0.48,0.72
2019-03-04,379.49,1.67,0.72
2019-03-05,379.57,1.21,0.73
2019-03-06,379.59,0.85,0.73
2019-03-07,379.61,0.97,0.73
2019-03-08,379.62,0.73,0.73
2019-03-09,379.61,0.73,0.73
2019-03-10,379.61,0.85,0.73
2019-03-11,379.8,4.41,0.73
2019-03-12,379.99,2.04,0.73
2019-03-13,380.07,1.33,0.73
2019-03-14,380.11,1.09,0.73
2019-03-15,380.13,0.97,0.73
2019-03-16,380.15,0.85,0.73
2019-03-17,380.16,0.85,0.73
2019-03-18,380.16,0.73,0.73
2019-03-19,380.16,0.73,0.73
2019-03-20,380.16,0.73,0.73
2019-03-21,380.16,0.73,0.73
2019-03-22,380.16,0.73,0.73
2019-03-23,380.16,0.61,0.73
2019-03-24,380.15,0.73,0.73
2019-03-25,380.14,0.61,0.73
2019-03-26,380.14,0.61,0.73
2019-03-27,380.13,0.61,0.73
2019-03-28,380.11,0.61,0.73
2019-03-29,380.1,0.49,0.73
2019-03-30,380.09,0.73,0.73
2019-03-31,380.09,0.61,0.73
2019-04-01,380.07,0.61,0.73
2019-04-02,380.07,0.61,0.73
2019-04-03,380.05,0.49,0.73
2019-04-04,380.03,0.59,0.95
2019-04-05,379.98,0.51,1.22
2019-04-06,379.92,0.51,1.22
2019-04-07,379.86,0.51,1.22
2019-04-08,379.8,0.63,1.22
2019-04-09,379.75,0.51,1.22
2019-04-10,379.72,0.93,0.93
2019-04-11,379.72,0.73,0.73
2019-04-12,379.71,0.62,0.74
2019-04-13,379.7,0.61,0.73
2019-04-14,379.69,0.61,0.73
2019-04-15,379.68,0.61,0.73
2019-04-16,379.67,0.49,0.73
2019-04-17,379.66,0.61,0.73
2019-04-18,379.65,0.61,0.73
2019-04-19,379.63,0.49,0.73
2019-04-20,379.62,0.61,0.73
2019-04-21,379.6,0.61,0.73
2019-04-22,379.59,0.49,0.73
2019-04-23,379.57,0.61,0.73
2019-04-24,379.56,0.49,0.73
2019-04-25,379.55,0.61,0.73
2019-04-26,379.54,0.61,0.73
2019-04-27,379.54,0.73,0.73
2019-04-28,379.52,0.49,0.73
2019-04-29,379.5,0.6,0.72
2019-04-30,379.5,0.72,0.72
2019-05-01,379.51,1.08,0.72
2019-05-02,379.55,1.09,0.73
2019-05-03,379.56,0.73,0.73
2019-05-04,379.56,0.73,0.73
2019-05-05,379.56,0.73,0.73
2019-05-06,379.56,0.73,0.73
2019-05-07,379.55,0.61,0.73
2019-05-08,379.54,0.61,0.73
2019-05-09,379.53,0.61,0.73
2019-05-10,379.52,0.56,1.04
2019-05-11,379.42,0.55,2.21
2019-05-12,379.28,0.67,2.21
2019-05-13,379.15,0.55,2.21
2019-05-14,379.01,0.56,2.21
2019-05-15,378.87,0.58,2.21
2019-05-16,378.72,0.63,2.5
2019-05-17,378.54,0.63,2.73
2019-05-18,378.36,0.51,2.73
2019-05-19,378.18,0.63,2.73
2019-05-20,377.99,0.52,2.72
2019-05-21,377.98,4.18,1.52
2019-05-22,378.18,1.66,0.73
2019-05-23,378.24,1.2,0.73
2019-05-24,378.26,1.04,1.16
2019-05-25,378.16,0.96,2.71
2019-05-26,378.01,0.86,2.71
2019-05-27,377.85,0.88,2.71
2019-05-28,377.69,0.88,2.71
2019-05-29,377.53,0.87,2.36
2019-05-30,377.44,0.63,1.43
2019-05-31,377.38,0.74,1.43
2019-06-01,377.32,0.74,1.43
2019-06-02,377.26,0.63,1.43
2019-06-03,377.19,0.74,1.43
2019-06-04,377.12,0.51,1.43
2019-06-05,377.04,0.63,1.43
2019-06-06,376.98,0.75,1.43
2019-06-07,376.92,0.86,1.42
2019-06-08,376.87,0.63,1.42
2019-06-09,376.8,0.75,1.42
2019-06-10,376.8,3.45,1.42
2019-06-11,377.06,3.25,1.43
2019-06-12,377.14,2.05,1.6
2019-06-13,377.11,1.57,2.95
2019-06-14,376.91,1.42,4.46
2019-06-15,376.64,3.47,6.28
2019-06-16,376.35,4.63,8.46
2019-06-17,375.92,2.89,8.46
2019-06-18,375.38,2.25,8.45
2019-06-19,374.81,2.0,8.44
2019-06-20,374.2,1.7,8.42
2019-06-21,373.66,2.3,6.04
2019-06-22,373.45,1.93,4.06
2019-06-23,373.24,1.72,4.07
2019-06-24,373.11,4.28,4.81
2019-06-25,373.0,3.0,4.7
2019-06-26,372.81,2.48,4.79
2019-06-27,372.58,2.27,4.79
2019-06-28,372.32,2.29,5.13
2019-06-29,372.07,2.31,4.62
2019-06-30,371.89,2.13,3.61
2019-07-01,371.82,2.03,2.35
2019-07-02,371.77,1.82,2.35
2019-07-03,371.71,1.67,2.52
2019-07-04,371.66,5.82,5.6
2019-07-05,371.69,4.55,4.45
2019-07-06,371.69,3.94,3.94
2019-07-07,372.0,15.46,5.99
2019-07-08,373.05,14.12,7.14
2019-07-09,373.25,8.66,9.3
2019-07-10,373.06,6.04,9.23
2019-07-11,372.72,5.6,9.27
2019-07-12,372.35,4.98,9.18
2019-07-13,371.88,3.49,8.86
2019-07-14,371.64,4.42,4.52
2019-07-15,371.64,4.04,4.04
2019-07-16,371.66,4.46,4.04
2019-07-17,371.67,3.93,4.04
2019-07-18,371.65,3.83,4.04
2019-07-19,371.64,3.45,3.56
2019-07-20,371.64,3.18,3.07
2019-07-21,371.67,2.95,2.32
2019-07-22,371.71,2.73,2.52
2019-07-23,371.72,2.51,2.72
2019-07-24,371.69,2.51,2.72
2019-07-25,371.66,2.72,3.03
2019-07-26,371.64,2.49,2.59
2019-07-27,371.65,2.43,2.32
2019-07-28,371.67,3.09,2.99
2019-07-29,371.68,2.74,2.42
2019-07-30,371.67,2.52,2.73
2019-07-31,371.66,2.52,2.73
2019-08-01,371.66,2.34,2.23
2019-08-02,371.66,2.12,2.23
2019-08-03,371.68,1.97,1.45
2019-08-04,371.73,1.84,1.42
2019-08-05,371.75,1.75,1.75
2019-08-06,371.73,1.65,1.97
2019-08-07,371.69,1.55,1.97
2019-08-08,371.65,1.52,1.73
2019-08-09,371.66,1.43,1.32
2019-08-10,371.66,1.32,1.32
2019-08-11,371.67,1.43,1.32
2019-08-12,371.66,1.21,1.42
2019-08-13,371.64,1.21,1.53
2019-08-14,371.62,1.53,1.53
2019-08-15,371.63,1.74,1.53
2019-08-16,371.65,1.51,1.41
2019-08-17,371.66,1.33,1.22
2019-08-18,371.66,1.22,1.22
2019-08-19,371.66,2.04,1.51
2019-08-20,371.68,3.21,3.52
2019-08-21,371.68,2.26,2.37
2019-08-22,371.65,2.14,2.25
2019-08-23,371.7,2.36,1.62
2019-08-24,371.76,2.04,1.62
2019-08-25,371.76,2.23,2.97
2019-08-26,371.68,1.7,2.12
2019-08-27,371.66,1.51,1.62
2019-08-28,371.65,1.51,1.62
2019-08-29,371.63,1.45,1.87
2019-08-30,371.58,1.39,1.81
2019-08-31,371.53,1.28,1.81
2019-09-01,371.48,1.18,1.81
2019-09-02,371.41,1.07,1.81
2019-09-03,371.35,1.36,1.79
2019-09-04,371.37,1.45,0.92
2019-09-05,371.4,1.24,0.92
2019-09-06,371.45,1.15,0.73
2019-09-07,371.48,1.15,0.73
2019-09-08,371.52,1.87,0.82
2019-09-09,373.29,34.88,11.29
2019-09-10,373.59,9.87,15.85
2019-09-11,372.82,6.55,15.63
2019-09-12,372.04,4.82,11.76
2019-09-13,371.75,3.96,4.07
2019-09-14,371.71,3.44,4.07
2019-09-15,371.64,3.01,3.54
2019-09-16,371.65,3.11,2.79
2019-09-17,371.66,2.63,2.63
2019-09-18,371.68,2.44,2.12
2019-09-19,371.7,2.12,2.12
2019-09-20,371.69,2.12,2.12
2019-09-21,371.68,1.91,2.12
2019-09-22,371.67,2.12,2.12
2019-09-23,371.67,2.09,2.09
2019-09-24,371.69,2.04,1.51
2019-09-25,371.75,1.69,1.06
2019-09-26,371.81,1.56,0.93
2019-09-27,371.88,1.59,0.96
2019-09-28,371.92,1.45,1.03
2019-09-29,371.96,1.47,1.05
2019-09-30,371.99,1.32,1.11
2019-10-01,372.03,1.35,0.72
2019-10-02,372.09,1.25,0.72
2019-10-03,372.14,1.25,0.72
2019-10-04,372.19,1.25,0.72
2019-10-05,372.24,1.25,0.72
2019-10-06,372.28,1.14,0.72
2019-10-07,372.32,1.14,0.72
2019-10-08,372.37,1.25,0.72
2019-10-09,372.4,1.04,0.72
2019-10-10,372.43,1.08,0.77
2019-10-11,372.12,1.87,9.45
2019-10-12,376.27,201.11,47.21
2019-10-13,383.98,80.95,126.62
2019-10-14,378.27,23.71,87.39
2019-10-15,374.49,13.7,38.27
2019-10-16,373.1,10.14,19.81
2019-10-17,372.41,8.59,14.47
2019-10-18,372.12,7.13,5.14
2019-10-19,372.79,9.16,0.73
2019-10-20,373.45,6.82,0.73
2019-10-21,373.97,6.33,0.73
2019-10-22,375.0,17.19,0.73
2019-10-23,376.31,12.39,0.73
2019-10-24,377.18,9.51,0.73
2019-10-25,378.95,41.71,0.73
2019-10-26,382.27,27.02,0.73
2019-10-27,383.75,15.01,0.73
2019-10-28,384.66,10.42,0.73
2019-10-29,385.32,8.61,0.73
2019-10-30,385.85,6.78,0.73
2019-10-31,386.27,5.91,0.73
2019-11-01,386.62,4.98,0.73
2019-11-02,386.92,4.46,0.73
2019-11-03,387.18,4.1,0.73
2019-11-04,387.41,3.56,0.73
2019-11-05,387.62,3.32,0.76
2019-11-06,387.79,3.07,0.78
2019-11-07,387.95,2.8,0.78
2019-11-08,388.1,2.83,0.78
2019-11-09,388.24,2.56,0.78
2019-11-10,388.36,2.41,0.77
2019-11-11,388.48,2.41,0.77
2019-11-12,388.59,2.14,0.77
2019-11-13,388.69,2.0,0.77
2019-11-14,388.78,2.0,0.77
2019-11-15,388.86,1.86,0.77
2019-11-16,388.94,1.73,0.77
2019-11-17,389.01,1.73,0.77
2019-11-18,389.08,1.74,0.77
2019-11-19,389.15,1.74,0.77
2019-11-20,389.21,1.46,0.77
2019-11-21,389.26,1.46,0.77
2019-11-22,389.32,2.29,0.77
2019-11-23,389.51,4.37,0.78
2019-11-24,389.85,5.47,0.77
2019-11-25,390.1,3.58,0.77
2019-11-26,390.27,2.88,0.77
2019-11-27,390.41,2.6,0.77
2019-11-28,390.53,2.31,0.77
2019-11-29,390.63,2.03,0.77
2019-11-30,390.72,2.03,0.77
2019-12-01,390.8,1.89,0.77
2019-12-02,390.88,2.03,0.77
2019-12-03,390.97,1.75,0.77
2019-12-04,391.03,1.62,0.77
2019-12-05,391.1,1.76,0.77
2019-12-06,391.15,1.48,0.77
2019-12-07,391.21,1.49,0.78
2019-12-08,391.26,1.49,0.78
2019-12-09,391.31,1.35,0.78
2019-12-10,391.38,1.63,0.78
2019-12-11,391.43,1.35,0.78
2019-12-12,391.47,1.35,0.78
2019-12-13,391.51,1.21,0.78
2019-12-14,391.54,1.35,0.78
2019-12-15,391.57,1.06,0.78
2019-12-16,391.6,1.21,0.78
2019-12-17,391.64,1.35,0.78
2019-12-18,391.67,1.06,0.78
2019-12-19,391.7,1.21,0.78
2019-12-20,391.72,1.06,0.78
2019-12-21,391.74,1.21,0.78
2019-12-22,391.77,1.35,0.78
2019-12-23,391.82,1.35,0.78
2019-12-24,391.86,1.21,0.78
2019-12-25,391.88,1.06,0.78
2019-12-26,391.9,1.06,0.78
2019-12-27,391.92,1.06,0.78
2019-12-28,391.94,1.06,0.78
2019-12-29,391.96,0.92,0.78
2019-12-30,391.97,1.06,0.78
2019-12-31,391.99,0.92,0.78
2020-01-01,392.0,0.92,0.78
2020-01-02,392.01,1.07,0.78
2020-01-03,392.03,0.92,0.78
2020-01-04,392.04,0.92,0.78
2020-01-05,392.05,0.92,0.78
2020-01-06,392.05,0.92,0.78
2020-01-07,392.06,0.78,0.78
2020-01-08,392.08,1.21,0.78
2020-01-09,392.1,0.92,0.78
2020-01-10,392.1,0.64,0.78
2020-01-11,392.09,0.92,0.78
2020-01-12,392.1,0.78,0.78
2020-01-13,392.11,0.92,0.78
2020-01-14,392.11,0.92,0.78
2020-01-15,392.13,1.07,0.78
2020-01-16,392.13,0.63,0.77
2020-01-17,392.13,0.77,0.77
2020-01-18,392.14,1.06,0.77
2020-01-19,392.15,0.77,0.77
2020-01-20,392.16,1.07,0.78
2020-01-21,392.17,0.77,0.77
2020-01-22,392.17,0.77,0.77
2020-01-23,392.18,0.91,0.77
2020-01-24,392.18,0.77,0.77
2020-01-25,392.19,0.91,0.77
2020-01-26,392.19,0.77,0.77
2020-01-27,392.19,0.91,0.77
2020-01-28,392.23,2.5,0.77
2020-01-29,392.62,7.54,0.77
2020-01-30,392.91,3.8,0.77
2020-01-31,393.07,2.75,1.58
2020-02-01,393.06,2.43,3.01
2020-02-02,393.01,1.92,2.5
2020-02-03,393.0,1.72,1.72
2020-02-04,393.0,1.51,1.37
2020-02-05,393.02,1.39,1.1
2020-02-06,393.03,1.17,1.32
2020-02-07,393.02,1.32,1.32
2020-02-08,393.02,1.32,1.32
2020-02-09,393.02,1.17,1.32
2020-02-10,393.0,1.17,1.32
2020-02-11,392.99,1.03,1.32
2020-02-12,392.97,1.03,1.32
2020-02-13,392.96,1.12,1.26
2020-02-14,392.96,1.17,1.03
2020-02-15,392.96,1.03,1.03
2020-02-16,392.96,1.03,1.03
2020-02-17,392.97,1.17,1.03
2020-02-18,392.97,1.03,1.03
2020-02-19,392.96,0.89,1.03
2020-02-20,392.96,1.03,1.03
2020-02-21,392.96,0.9,0.9
2020-02-22,392.96,0.96,0.82
2020-02-23,392.97,0.96,0.82
2020-02-24,392.98,0.82,0.82
2020-02-25,392.98,0.96,0.82
2020-02-26,392.99,0.82,0.82
2020-02-27,392.99,0.82,0.82
2020-02-28,392.99,0.82,0.82
2020-02-29,393.0,0.96,0.82
2020-03-01,393.0,0.82,0.82
2020-03-02,393.01,0.97,0.82
2020-03-03,393.02,0.97,0.82
2020-03-04,393.02,0.82,0.82
2020-03-05,393.02,0.67,0.82
2020-03-06,393.02,0.82,0.82
2020-03-07,393.01,0.82,0.82
2020-03-08,393.02,0.97,0.82
2020-03-09,393.02,0.82,0.82
2020-03-10,393.03,1.53,1.09
2020-03-11,393.03,1.16,1.74
2020-03-12,393.0,0.91,1.35
2020-03-13,392.97,0.97,1.12
2020-03-14,392.97,1.04,0.9
2020-03-15,392.99,0.96,0.82
2020-03-16,392.99,0.82,0.82
2020-03-17,392.99,0.82,0.82
2020-03-18,392.99,0.82,0.82
2020-03-19,392.99,0.82,0.82
2020-03-20,392.99,0.82,0.82
2020-03-21,392.99,0.82,0.82
2020-03-22,392.99,0.82,0.82
2020-03-23,392.99,0.68,0.82
2020-03-24,392.98,0.68,0.82
2020-03-25,392.97,0.82,0.82
2020-03-26,392.97,0.68,0.82
2020-03-27,392.94,0.92,2.07
2020-03-28,392.77,1.12,3.99
2020-03-29,392.64,2.59,4.03
2020-03-30,392.49,1.59,4.03
2020-03-31,392.32,1.59,4.03
2020-04-01,392.18,2.87,4.02
2020-04-02,392.13,3.02,4.03
2020-04-03,392.02,2.06,4.06
2020-04-04,391.87,1.79,3.92
2020-04-05,391.72,1.82,3.95
2020-04-06,391.57,1.74,4.02
2020-04-07,391.39,1.82,4.95
2020-04-08,391.12,2.04,6.02
2020-04-09,390.83,1.96,7.01
2020-04-10,390.38,1.81,8.82
2020-04-11,389.89,1.99,8.24
2020-04-12,389.43,1.89,9.36
2020-04-13,388.91,7.34,11.88
2020-04-14,388.61,6.12,11.86
2020-04-15,388.11,4.35,11.83
2020-04-16,387.53,3.72,11.8
2020-04-17,386.91,3.35,11.77
2020-04-18,386.41,7.36,11.74
2020-04-19,386.07,6.3,11.72
2020-04-20,385.63,5.66,11.7
2020-04-21,385.13,4.74,11.67
2020-04-22,384.58,4.15,11.64
2020-04-23,383.99,3.93,11.61
2020-04-24,383.37,3.58,11.58
2020-04-25,382.86,3.65,6.92
2020-04-26,382.8,3.63,3.88
2020-04-27,382.76,2.83,3.96
2020-04-28,382.63,1.77,3.27
2020-04-29,382.57,2.07,2.44
2020-04-30,382.53,1.94,2.44
2020-05-01,382.49,1.94,2.44
2020-05-02,382.45,1.82,2.44
2020-05-03,382.39,1.69,2.44
2020-05-04,382.34,1.82,2.44
2020-05-05,382.28,1.69,2.44
2020-05-06,382.22,2.19,2.81
2020-05-07,382.14,1.71,2.96
2020-05-08,382.06,1.68,2.93
2020-05-09,381.89,1.48,3.94
2020-05-10,381.7,1.48,3.94
2020-05-11,381.5,1.48,3.94
2020-05-12,381.29,1.35,3.93
2020-05-13,381.08,1.32,3.53
2020-05-14,380.96,1.33,2.42
2020-05-15,380.87,1.3,2.75
2020-05-16,380.7,1.25,3.67
2020-05-17,380.5,1.24,3.66
2020-05-18,380.28,0.92,3.7
2020-05-19,380.09,2.54,5.07
2020-05-20,379.82,2.32,5.64
2020-05-21,379.54,1.91,4.64
2020-05-22,379.35,1.79,4.05
2020-05-23,379.16,1.79,4.05
2020-05-24,378.97,1.62,3.62
2020-05-25,378.81,1.52,3.62
2020-05-26,378.62,1.52,3.62
2020-05-27,378.44,1.39,3.61
2020-05-28,378.25,1.39,3.61
2020-05-29,378.06,1.29,3.61
2020-05-30,377.85,1.21,3.62
2020-05-31,377.64,1.2,3.61
2020-06-01,377.43,1.09,3.61
2020-06-02,377.21,1.14,3.43
2020-06-03,377.04,1.16,2.99
2020-06-04,376.87,1.07,2.98
2020-06-05,376.71,1.18,2.98
2020-06-06,376.54,1.18,2.98
2020-06-07,376.39,1.18,2.98
2020-06-08,376.22,1.06,2.97
2020-06-09,376.05,0.95,2.97
2020-06-10,375.87,0.98,2.97
2020-06-11,375.7,1.21,2.98
2020-06-12,375.54,1.43,2.65
2020-06-13,375.63,6.47,3.15
2020-06-14,375.8,3.63,4.08
2020-06-15,375.67,2.59,5.25
2020-06-16,375.34,2.05,6.03
2020-06-17,374.98,1.96,6.02
2020-06-18,374.59,1.78,6.02
2020-06-19,374.24,2.43,6.02
2020-06-20,373.9,2.15,6.01
2020-06-21,373.57,1.95,4.73
2020-06-22,373.4,4.17,4.06
2020-06-23,373.57,5.84,4.35
2020-06-24,373.58,4.19,5.04
2020-06-25,373.46,3.8,5.4
2020-06-26,373.25,3.24,6.01
2020-06-27,372.97,2.94,6.0
2020-06-28,372.66,4.53,9.15
2020-06-29,372.18,3.23,6.38
2020-06-30,372.0,3.29,5.5
2020-07-01,371.82,6.09,7.04
2020-07-02,371.77,4.71,5.03
2020-07-03,371.74,4.02,4.55
2020-07-04,371.78,6.79,6.05
2020-07-05,371.75,5.52,5.73
2020-07-06,371.75,4.94,5.15
2020-07-07,371.73,4.34,4.44
2020-07-08,371.75,5.66,5.34
2020-07-09,371.79,5.56,5.03
2020-07-10,371.8,4.71,5.03
2020-07-11,371.76,4.39,4.6
2020-07-12,371.76,3.95,4.06
2020-07-13,371.73,3.51,3.93
2020-07-14,371.72,3.37,3.37
2020-07-15,371.71,3.23,3.12
2020-07-16,371.73,3.23,3.12
2020-07-17,371.74,3.44,3.12
2020-07-18,371.77,3.41,3.31
2020-07-19,371.76,3.21,3.42
2020-07-20,371.73,3.0,3.42
2020-07-21,371.7,2.92,2.92
2020-07-22,371.73,3.49,2.65
2020-07-23,371.99,8.58,5.21
2020-07-24,372.21,7.08,5.4
2020-07-25,372.74,14.43,5.59
2020-07-26,373.23,10.85,8.93
2020-07-27,373.27,8.98,9.52
2020-07-28,373.18,7.39,8.99
2020-07-29,372.98,6.05,8.59
2020-07-30,372.72,5.74,8.36
2020-07-31,372.51,5.55,7.34
2020-08-01,372.36,5.02,6.39
2020-08-02,372.24,4.45,5.61
2020-08-03,372.14,3.78,4.94
2020-08-04,372.04,3.27,4.21
2020-08-05,371.99,2.83,2.83
2020-08-06,371.99,2.59,2.59
2020-08-07,371.98,2.38,2.49
2020-08-08,371.98,2.27,2.27
2020-08-09,371.98,2.16,2.27
2020-08-10,371.96,2.03,2.24
2020-08-11,371.96,1.96,1.85
2020-08-12,371.98,2.44,2.13
2020-08-13,371.98,2.18,2.29
2020-08-14,371.97,1.96,2.07
2020-08-15,371.99,1.8,1.69
2020-08-16,371.98,1.67,1.67
2020-08-17,371.98,1.58,1.58
2020-08-18,371.98,1.57,1.57
2020-08-19,371.98,1.36,1.47
2020-08-20,371.97,1.45,1.45
2020-08-21,371.97,1.32,1.32
2020-08-22,371.97,1.32,1.32
2020-08-23,371.97,1.21,1.32
2020-08-24,371.96,1.23,1.23
2020-08-25,371.94,1.2,2.05
2020-08-26,371.8,1.12,2.81
2020-08-27,371.63,1.02,2.81
2020-08-28,371.47,1.12,2.81
2020-08-29,371.29,1.02,2.81
2020-08-30,371.11,1.02,2.81
2020-08-31,370.98,1.16,1.68
2020-09-01,370.96,1.06,1.16
2020-09-02,370.99,1.04,0.73
2020-09-03,371.03,1.22,0.8
2020-09-04,371.04,1.08,1.29
2020-09-05,371.05,6.48,1.52
2020-09-06,372.73,27.08,9.06
2020-09-07,373.06,7.72,11.43
2020-09-08,372.58,5.24,10.91
2020-09-09,372.07,3.63,7.1
2020-09-10,371.97,3.15,3.26
2020-09-11,371.97,2.96,2.85
2020-09-12,371.97,2.85,2.85
2020-09-13,371.97,2.5,2.82
2020-09-14,371.95,2.31,2.31
2020-09-15,371.97,2.32,2.0
2020-09-16,371.98,2.01,2.01
2020-09-17,371.98,2.0,2.0
2020-09-18,371.97,1.79,2.0
2020-09-19,371.96,1.89,1.89
2020-09-20,371.96,1.7,1.59
2020-09-21,371.97,1.52,1.52
2020-09-22,371.98,1.63,1.52
2020-09-23,371.96,2.07,2.18
2020-09-24,372.07,6.15,4.57
2020-09-25,372.45,16.2,9.27
2020-09-26,372.86,12.22,11.8
2020-09-27,372.67,8.06,11.21
2020-09-28,372.32,5.82,9.81
2020-09-29,372.01,4.28,5.96
2020-09-30,371.98,3.77,3.56
2020-10-01,372.14,3.59,0.76
2020-10-02,372.39,3.15,0.73
2020-10-03,372.61,2.94,0.73
2020-10-04,372.81,2.62,0.73
2020-10-05,372.98,2.53,0.73
2020-10-06,373.14,2.22,0.73
2020-10-07,373.27,2.35,1.28
2020-10-08,372.87,3.24,11.8
2020-10-09,372.17,6.98,11.81
2020-10-10,372.59,24.58,11.83
2020-10-11,373.6,17.62,11.53
2020-10-12,373.94,10.99,8.2
2020-10-13,374.21,7.73,4.91
2020-10-14,374.47,6.2,3.26
2020-10-15,374.72,5.11,2.5
2020-10-16,374.97,4.64,2.01
2020-10-17,375.21,5.11,2.01
2020-10-18,375.47,4.34,2.01
2020-10-19,375.66,3.89,2.01
2020-10-20,375.82,3.56,2.01
2020-10-21,375.93,3.23,2.56
2020-10-22,375.93,3.08,3.3
2020-10-23,375.91,3.13,3.25
2020-10-24,375.89,2.57,2.79
2020-10-25,375.9,2.5,2.17
2020-10-26,375.94,2.32,1.99
2020-10-27,375.96,2.2,2.2
2020-10-28,375.94,2.14,2.25
2020-10-29,375.95,2.03,1.81
2020-10-30,375.97,1.9,1.68
2020-10-31,375.98,1.71,1.49
2020-11-01,376.05,1.86,0.73
2020-11-02,376.14,1.74,0.73
2020-11-03,376.24,1.74,0.73
2020-11-04,376.32,1.52,0.73
2020-11-05,376.39,1.52,0.73
2020-11-06,376.46,1.52,0.73
2020-11-07,376.52,1.41,0.73
2020-11-08,376.58,1.41,0.73
2020-11-09,376.64,1.29,0.73
2020-11-10,376.69,1.29,0.73
2020-11-11,376.74,1.29,0.73
2020-11-12,376.78,1.18,0.73
2020-11-13,376.82,1.18,0.73
2020-11-14,376.86,1.18,0.73
2020-11-15,376.9,1.07,0.73
2020-11-16,376.93,1.18,0.73
2020-11-17,376.97,1.07,0.73
2020-11-18,377.0,1.07,0.73
2020-11-19,377.03,1.07,0.73
2020-11-20,377.06,1.07,0.73
2020-11-21,377.08,1.07,0.73
2020-11-22,377.11,0.96,0.73
2020-11-23,377.13,0.96,0.73
2020-11-24,377.15,0.96,0.73
2020-11-25,377.17,0.96,0.73
2020-11-26,377.19,0.85,0.73
2020-11-27,377.2,0.95,0.72
2020-11-28,377.22,0.83,0.72
2020-11-29,377.22,0.83,0.72
2020-11-30,377.23,0.83,0.72
2020-12-01,377.24,0.72,0.72
2020-12-02,377.25,0.83,0.72
2020-12-03,377.26,0.83,0.72
2020-12-04,377.26,0.72,0.72
2020-12-05,377.26,0.83,0.72
2020-12-06,377.27,0.72,0.72
2020-12-07,377.27,0.72,0.72
2020-12-08,377.27,0.72,0.72
2020-12-09,377.27,0.72,0.72
2020-12-10,377.27,0.72,0.72
2020-12-11,377.27,0.72,0.72
2020-12-12,377.27,0.72,0.72
2020-12-13,377.27,0.72,0.72
2020-12-14,377.26,0.61,0.72
2020-12-15,377.26,0.72,0.72
2020-12-16,377.25,0.61,0.72
2020-12-17,377.25,0.61,0.72
2020-12-18,377.23,0.65,1.22
2020-12-19,377.12,0.59,2.08
2020-12-20,376.99,0.49,1.86
2020-12-21,376.94,0.65,0.99
2020-12-22,376.84,0.5,2.07
2020-12-23,376.72,0.61,1.39
2020-12-24,376.7,0.61,0.72
2020-12-25,376.69,0.61,0.72
2020-12-26,376.68,0.61,0.72
2020-12-27,376.67,0.72,0.72
2020-12-28,376.66,0.61,0.72
2020-12-29,376.65,0.61,0.72
2020-12-30,376.64,0.61,0.72
2020-12-31,376.63,0.5,0.72
2021-01-01,376.62,0.61,0.72
2021-01-02,376.61,0.61,0.72
2021-01-03,376.59,0.5,0.72
2021-01-04,376.58,0.61,0.72
2021-01-05,376.57,0.61,0.72
2021-01-06,376.55,0.61,0.72
2021-01-07,376.54,0.61,0.72
2021-01-08,376.53,0.5,0.72
2021-01-09,376.51,0.5,0.72
2021-01-10,376.5,0.6,0.72
2021-01-11,376.48,0.49,0.71
2021-01-12,376.46,0.49,0.71
2021-01-13,376.46,0.84,0.73
2021-01-14,376.44,0.27,0.72
2021-01-15,376.41,0.5,0.72
2021-01-16,376.4,0.61,0.72
2021-01-17,376.38,0.5,0.72
2021-01-18,376.36,0.5,0.72
2021-01-19,376.34,0.52,1.09
2021-01-20,376.25,0.5,1.62
2021-01-21,376.14,0.27,1.62
2021-01-22,376.01,0.04,1.6
2021-01-23,375.88,0.43,1.31
2021-01-24,375.87,0.94,0.72
2021-01-25,375.89,0.73,0.73
2021-01-26,375.88,0.62,0.73
2021-01-27,375.86,0.62,0.73
2021-01-28,375.85,0.51,0.73
2021-01-29,375.84,0.51,0.73
2021-01-30,375.81,0.51,0.73
2021-01-31,375.79,0.51,0.73
2021-02-01,375.77,0.51,0.73
2021-02-02,375.75,0.51,0.73
2021-02-03,375.73,0.51,0.73
2021-02-04,375.7,0.49,1.26
2021-02-05,375.59,0.39,1.72
2021-02-06,375.47,0.5,1.72
2021-02-07,375.36,0.39,1.72
2021-02-08,375.24,0.39,1.72
2021-02-09,375.12,0.5,1.72
2021-02-10,375.0,0.29,1.72
2021-02-11,374.88,0.31,1.72
2021-02-12,374.75,0.53,1.73
2021-02-13,374.63,0.43,1.73
2021-02-14,374.53,0.47,1.23
2021-02-15,374.55,1.93,0.73
2021-02-16,374.65,1.06,0.73
2021-02-17,374.65,0.62,0.73
2021-02-18,374.63,0.51,0.73
2021-02-19,374.62,0.62,0.73
2021-02-20,374.6,0.51,0.73
2021-02-21,374.58,0.51,0.73
2021-02-22,374.56,0.51,0.73
2021-02-23,374.54,0.4,0.73
2021-02-24,374.51,0.52,0.74
2021-02-25,374.48,0.41,0.73
2021-02-26,374.46,0.4,0.73
2021-02-27,374.43,0.51,0.73
2021-02-28,374.41,0.51,0.73
2021-03-01,374.38,0.4,0.73
2021-03-02,374.37,0.73,0.73
2021-03-03,374.37,0.62,0.73
2021-03-04,374.35,0.51,0.73
2021-03-05,374.34,0.62,0.73
2021-03-06,374.32,0.51,0.73
2021-03-07,374.29,0.4,0.73
2021-03-08,374.27,0.47,1.01
2021-03-09,374.17,0.52,1.72
2021-03-10,374.05,0.31,1.72
2021-03-11,373.94,0.48,1.44
2021-03-12,373.89,0.52,0.73
2021-03-13,373.92,1.8,0.73
2021-03-14,374.01,1.16,0.73
2021-03-15,374.03,0.84,0.73
2021-03-16,374.03,0.62,0.73
2021-03-17,374.02,0.73,0.73
2021-03-18,374.01,0.51,0.73
2021-03-19,374.0,0.62,0.73
2021-03-20,373.98,0.62,0.73
2021-03-21,373.99,1.27,0.73
2021-03-22,374.07,1.49,0.73
2021-03-23,374.11,0.95,0.73
2021-03-24,374.13,0.95,0.73
2021-03-25,374.14,0.84,0.73
2021-03-26,374.15,0.73,0.73
2021-03-27,374.15,0.73,0.73
2021-03-28,374.14,0.73,0.73
2021-03-29,374.19,1.38,0.73
2021-03-30,374.22,0.84,0.73
2021-03-31,374.23,0.84,0.73
2021-04-01,374.23,0.73,0.73
2021-04-02,374.23,0.73,0.73
2021-04-03,374.23,0.73,0.73
2021-04-04,374.23,0.73,0.73
2021-04-05,374.23,0.73,0.73
2021-04-06,374.22,0.62,0.73
2021-04-07,374.22,0.62,0.73
2021-04-08,374.21,0.62,0.73
2021-04-09,374.19,0.62,0.73
2021-04-10,374.18,0.51,0.73
2021-04-11,374.17,0.62,0.73
2021-04-12,374.15,0.51,0.73
2021-04-13,374.14,0.62,0.73
2021-04-14,374.1,0.64,1.51
2021-04-15,373.98,0.47,1.65
2021-04-16,373.94,0.62,0.73
2021-04-17,373.92,0.94,0.73
2021-04-18,374.0,1.48,0.73
2021-04-19,374.03,0.84,0.73
2021-04-20,374.03,0.73,0.73
2021-04-21,374.03,0.62,0.73
2021-04-22,374.02,0.62,0.73
2021-04-23,374.01,0.62,0.73
2021-04-24,374.0,0.62,0.73
2021-04-25,373.99,0.62,0.73
2021-04-26,373.97,0.62,0.73
2021-04-27,373.96,0.52,0.73
2021-04-28,373.94,0.62,0.73
2021-04-29,373.94,0.84,0.73
2021-04-30,373.95,0.73,0.73
2021-05-01,373.95,0.62,0.73
2021-05-02,373.94,0.62,0.73
2021-05-03,373.93,0.62,0.73
2021-05-04,373.91,0.52,0.73
2021-05-05,373.89,0.51,0.73
2021-05-06,373.87,0.61,0.72
2021-05-07,373.86,0.51,0.72
2021-05-08,373.84,0.61,0.72
2021-05-09,373.83,0.51,0.72
2021-05-10,373.81,0.51,0.72
2021-05-11,373.79,0.51,0.72
2021-05-12,373.77,0.51,0.72
2021-05-13,373.75,0.51,0.72
2021-05-14,373.74,0.61,0.72
2021-05-15,373.71,0.51,0.72
2021-05-16,373.7,0.51,0.72
2021-05-17,373.68,0.4,0.72
2021-05-18,373.66,0.61,0.72
2021-05-19,373.65,0.61,0.72
2021-05-20,373.63,0.55,0.98
2021-05-21,373.58,1.08,1.3
2021-05-22,373.59,1.16,0.73
2021-05-23,373.68,1.58,0.73
2021-05-24,373.71,0.94,0.73
2021-05-25,373.72,0.8,1.01
2021-05-26,373.64,0.56,1.73
2021-05-27,373.58,1.42,1.1
2021-05-28,373.64,1.05,0.73
2021-05-29,373.66,0.84,0.73
2021-05-30,373.67,0.84,0.73
2021-05-31,373.67,0.94,0.73
2021-06-01,373.69,0.73,0.73
2021-06-02,373.67,0.69,1.33
2021-06-03,373.57,0.74,2.02
2021-06-04,373.44,0.85,2.02
2021-06-05,373.34,0.85,2.02
2021-06-06,373.23,0.74,2.02
2021-06-07,373.1,0.63,2.02
2021-06-08,372.97,0.51,1.78
2021-06-09,372.89,0.65,1.28
2021-06-10,372.81,0.58,1.52
2021-06-11,372.71,0.45,1.81
2021-06-12,372.57,0.65,2.02
2021-06-13,372.44,0.86,2.01
2021-06-14,372.44,1.97,1.13
2021-06-15,372.48,1.03,1.34
2021-06-16,372.42,1.59,2.01
2021-06-17,372.43,1.68,1.16
2021-06-18,372.5,1.46,0.72
2021-06-19,372.57,1.56,0.72
2021-06-20,372.66,1.67,0.72
2021-06-21,372.73,1.35,0.72
2021-06-22,372.78,1.14,0.72
2021-06-23,372.82,1.28,0.96
2021-06-24,372.8,1.5,2.02
2021-06-25,372.73,1.08,2.02
2021-06-26,372.65,1.08,2.02
2021-06-27,372.55,0.96,2.01
2021-06-28,372.44,0.89,2.46
2021-06-29,372.24,1.79,3.89
2021-06-30,372.06,2.63,6.11
2021-07-01,371.72,3.89,4.21
2021-07-02,372.04,8.78,2.68
2021-07-03,372.58,8.91,5.65
2021-07-04,372.7,6.57,6.46
2021-07-05,372.65,5.31,6.15
2021-07-06,372.55,4.5,5.55
2021-07-07,372.46,4.01,4.95
2021-07-08,372.39,4.07,4.49
2021-07-09,372.36,3.88,4.3
2021-07-10,372.32,3.63,4.05
2021-07-11,372.28,3.47,3.79
2021-07-12,372.3,5.46,3.88
2021-07-13,372.48,5.87,5.03
2021-07-14,372.49,4.93,5.14
2021-07-15,372.46,4.51,4.93
2021-07-16,372.41,4.13,4.66
2021-07-17,372.36,3.67,4.3
2021-07-18,372.3,3.43,3.95
2021-07-19,372.25,3.09,3.62
2021-07-20,372.2,2.77,3.3
2021-07-21,372.16,2.49,3.01
2021-07-22,372.11,2.32,2.74
2021-07-23,372.07,2.05,2.47
2021-07-24,372.03,1.79,2.21
2021-07-25,371.99,1.5,2.03
2021-07-26,371.94,1.49,2.02
2021-07-27,371.91,1.88,1.98
2021-07-28,371.9,1.85,1.64
2021-07-29,371.95,2.31,1.67
2021-07-30,371.98,1.91,2.01
2021-07-31,371.95,1.6,2.02
2021-08-01,371.91,1.44,1.86
2021-08-02,371.9,1.34,1.23
2021-08-03,371.92,1.4,1.08
2021-08-04,371.94,1.19,0.98
2021-08-05,371.96,1.15,1.25
2021-08-06,371.92,1.11,1.53
2021-08-07,371.88,1.11,1.53
2021-08-08,371.93,4.4,3.56
2021-08-09,371.9,2.84,3.15
2021-08-10,371.93,2.23,2.02
2021-08-11,371.92,1.81,2.02
2021-08-12,371.92,2.37,2.05
2021-08-13,371.92,2.8,3.01
2021-08-14,371.94,3.67,3.56
2021-08-15,371.94,6.49,6.49
2021-08-16,371.9,6.72,7.03
2021-08-17,371.91,5.49,4.96
2021-08-18,372.1,7.56,4.72
2021-08-19,372.28,6.65,5.81
2021-08-20,372.29,5.47,5.89
2021-08-21,372.22,4.6,5.34
2021-08-22,372.14,4.05,4.99
2021-08-23,372.06,3.63,4.47
2021-08-24,371.97,2.85,3.59
2021-08-25,371.94,2.62,2.83
2021-08-26,371.92,2.29,2.4
2021-08-27,371.94,2.24,2.03
2021-08-28,371.94,2.03,2.03
2021-08-29,371.94,1.92,2.03
2021-08-30,371.92,1.82,2.03
2021-08-31,371.91,2.28,2.18
2021-09-01,371.87,1.97,3.02
2021-09-02,371.79,2.31,2.41
2021-09-03,371.85,2.46,1.62
2021-09-04,371.93,3.68,2.1
2021-09-05,372.14,6.43,4.96
2021-09-06,372.2,5.64,5.22
2021-09-07,372.22,5.23,5.44
2021-09-08,372.17,4.56,5.19
2021-09-09,372.12,5.35,6.09
2021-09-10,371.98,4.08,5.44
2021-09-11,371.92,3.53,4.06
2021-09-12,371.86,3.32,4.06
2021-09-13,371.79,2.89,3.21
2021-09-14,371.79,2.69,2.69
2021-09-15,371.78,2.48,2.69
2021-09-16,371.76,2.37,2.69
2021-09-17,371.71,2.27,2.69
2021-09-18,371.69,2.41,2.31
2021-09-19,371.74,2.06,1.53
2021-09-20,371.78,1.95,1.53
2021-09-21,371.81,1.74,1.53
2021-09-22,371.83,1.74,1.53
2021-09-23,371.85,1.74,1.53
2021-09-24,371.86,1.42,1.53
2021-09-25,371.86,1.64,1.53
2021-09-26,371.86,1.53,1.53
2021-09-27,371.86,1.42,1.53
2021-09-28,371.84,1.42,1.53
2021-09-29,371.83,1.21,1.53
2021-09-30,371.8,1.32,1.53
2021-10-01,371.95,4.84,0.73
2021-10-02,372.31,3.04,0.73
2021-10-03,372.48,2.2,0.73
2021-10-04,372.61,1.99,0.73
2021-10-05,372.72,1.89,0.73
2021-10-06,372.81,1.57,0.73
2021-10-07,372.9,1.68,0.73
2021-10-08,372.98,1.57,0.73
2021-10-09,373.05,1.48,0.73
2021-10-10,373.13,1.48,0.73
2021-10-11,373.2,1.48,0.73
2021-10-12,373.26,1.37,0.73
2021-10-13,373.36,2.33,0.73
2021-10-14,373.51,2.01,0.73
2021-10-15,373.6,1.58,0.73
2021-10-16,373.68,1.57,0.72
2021-10-17,373.77,1.79,0.72
2021-10-18,373.86,1.47,0.72
2021-10-19,373.93,1.57,0.72
2021-10-20,374.0,1.37,0.72
2021-10-21,374.06,1.26,0.72
2021-10-22,374.11,1.37,0.72
2021-10-23,374.17,1.26,0.72
2021-10-24,374.21,1.16,0.72
2021-10-25,374.25,1.26,0.72
2021-10-26,374.35,1.81,0.72
2021-10-27,374.41,1.37,0.72
2021-10-28,374.46,1.16,0.72
2021-10-29,374.5,1.16,0.72
2021-10-30,374.53,1.05,0.72
2021-10-31,374.57,1.05,0.72
2021-11-01,374.6,1.16,0.72
2021-11-02,374.63,1.05,0.72
2021-11-03,374.66,0.94,0.72
2021-11-04,374.69,1.05,0.72
2021-11-05,374.71,0.94,0.72
2021-11-06,374.73,0.83,0.72
2021-11-07,374.75,0.94,0.72
2021-11-08,374.77,1.05,0.72
2021-11-09,374.88,3.0,0.72
2021-11-10,375.05,1.83,0.72
2021-11-11,375.12,1.39,0.72
2021-11-12,375.18,1.27,0.72
2021-11-13,375.23,1.27,0.72
2021-11-14,375.27,1.16,0.72
2021-11-15,375.31,1.05,0.72
2021-11-16,375.34,1.05,0.72
2021-11-17,375.37,1.05,0.72
2021-11-18,375.39,1.02,1.02
2021-11-19,375.36,1.08,1.52
2021-11-20,375.34,0.91,0.8
2021-11-21,375.37,1.06,0.73
2021-11-22,375.39,1.06,0.73
2021-11-23,375.43,1.06,0.73
2021-11-24,375.45,0.84,0.73
2021-11-25,375.46,0.89,0.89
2021-11-26,375.41,0.83,1.72
2021-11-27,375.37,0.81,0.81
2021-11-28,375.37,0.73,0.73
2021-11-29,375.38,0.84,0.73
2021-11-30,375.39,0.84,0.73
2021-12-01,375.46,1.95,0.73
2021-12-02,375.52,1.06,0.73
2021-12-03,375.54,0.95,0.73
2021-12-04,375.55,0.84,0.73
2021-12-05,375.57,0.84,0.73
2021-12-06,375.58,0.95,0.73
2021-12-07,375.6,0.94,0.72
2021-12-08,375.7,2.83,0.72
2021-12-09,375.86,1.83,0.72
2021-12-10,375.94,1.61,0.72
2021-12-11,376.01,1.39,0.72
2021-12-12,376.06,1.28,0.72
2021-12-13,376.11,1.17,0.72
2021-12-14,376.15,1.17,0.72
2021-12-15,376.18,1.06,0.72
2021-12-16,376.21,1.06,0.72
2021-12-17,376.25,1.17,0.72
2021-12-18,376.28,0.95,0.72
2021-12-19,376.3,0.95,0.72
2021-12-20,376.32,0.95,0.72
2021-12-21,376.34,0.95,0.72
2021-12-22,376.36,0.83,0.72
2021-12-23,376.37,0.83,0.72
2021-12-24,376.38,0.95,0.72
2021-12-25,376.4,0.83,0.72
2021-12-26,376.4,0.72,0.72
2021-12-27,376.41,0.83,0.72
2021-12-28,376.41,0.83,0.72
2021-12-29,376.42,0.72,0.72
2021-12-30,376.42,0.83,0.72
2021-12-31,376.43,0.72,0.72
2022-01-01,376.43,0.61,0.72
2022-01-02,376.42,0.72,0.72
2022-01-03,376.42,0.83,0.72
2022-01-04,376.42,0.61,1.28
2022-01-05,376.3,0.72,2.18
2022-01-06,376.2,0.78,1.68
2022-01-07,376.15,0.62,0.73
2022-01-08,376.15,0.73,0.73
2022-01-09,376.15,0.73,0.73
2022-01-10,376.14,0.62,0.73
2022-01-11,376.14,0.84,0.73
2022-01-12,376.15,0.85,0.73
2022-01-13,376.15,0.39,0.73
2022-01-14,376.12,0.62,0.73
2022-01-15,376.11,0.62,0.73
2022-01-16,376.1,0.62,0.73
2022-01-17,376.1,0.85,0.73
2022-01-18,376.1,0.51,0.73
2022-01-19,376.08,0.39,0.73
2022-01-20,376.05,0.51,0.73
2022-01-21,376.04,0.62,0.73
2022-01-22,376.02,0.51,0.73
2022-01-23,376.01,0.62,0.73
2022-01-24,376.0,0.62,0.73
2022-01-25,375.98,0.62,0.73
2022-01-26,375.97,0.51,0.73
2022-01-27,375.96,0.62,0.73
2022-01-28,375.94,0.62,0.73
2022-01-29,375.93,0.51,0.73
2022-01-30,375.92,0.62,0.73
2022-01-31,375.9,0.51,0.73
2022-02-01,375.88,0.51,0.73
2022-02-02,375.87,0.51,0.73
2022-02-03,375.85,0.62,0.73
2022-02-04,375.83,0.51,0.73
2022-02-05,375.81,0.51,0.73
2022-02-06,375.79,0.51,0.73
2022-02-07,375.77,0.51,0.73
2022-02-08,375.74,0.55,1.0
2022-02-09,375.69,0.43,1.1
2022-02-10,375.66,0.84,0.73
2022-02-11,375.66,0.51,0.73
2022-02-12,375.64,0.51,0.73
2022-02-13,375.62,0.62,0.73
2022-02-14,375.62,0.62,0.73
2022-02-15,375.6,0.4,0.73
2022-02-16,375.57,0.5,0.72
2022-02-17,375.55,0.51,0.73
2022-02-18,375.52,0.4,0.74
2022-02-19,375.49,0.41,0.74
2022-02-20,375.47,0.52,0.74
2022-02-21,375.44,0.3,0.74
2022-02-22,375.41,0.3,0.74
2022-02-23,375.37,0.41,0.74
2022-02-24,375.33,0.3,0.74
2022-02-25,375.29,0.3,0.74
2022-02-26,375.26,0.41,0.74
2022-02-27,375.22,0.3,0.74
2022-02-28,375.18,0.41,0.74
2022-03-01,375.15,0.3,0.74
2022-03-02,375.12,0.41,0.74
2022-03-03,375.09,0.41,0.74
2022-03-04,375.05,0.41,0.74
2022-03-05,375.02,0.41,0.74
2022-03-06,374.99,0.3,0.74
2022-03-07,374.95,0.31,0.74
2022-03-08,374.91,0.41,0.74
2022-03-09,374.88,0.31,0.74
2022-03-10,374.85,0.41,0.74
2022-03-11,374.81,0.31,0.74
2022-03-12,374.78,0.41,0.74
2022-03-13,374.74,0.41,0.74
2022-03-14,374.72,0.41,0.74
2022-03-15,374.69,0.41,0.74
2022-03-16,374.66,0.41,0.74
2022-03-17,374.62,0.41,0.74
2022-03-18,374.6,0.85,0.74
2022-03-19,374.65,1.39,0.74
2022-03-20,374.7,1.07,0.74
2022-03-21,374.71,0.63,0.74
2022-03-22,374.7,0.85,0.74
2022-03-23,374.7,0.63,0.74
2022-03-24,374.69,0.52,0.74
2022-03-25,374.67,0.52,0.74
2022-03-26,374.65,0.63,0.74
2022-03-27,374.64,0.63,0.74
2022-03-28,374.63,0.52,0.74
2022-03-29,374.61,0.52,0.74
2022-03-30,374.59,0.52,0.74
2022-03-31,374.57,0.63,0.74
2022-04-01,374.62,1.39,0.74
2022-04-02,374.64,0.85,0.74
2022-04-03,374.64,1.07,0.74
2022-04-04,374.8,3.89,0.74
2022-04-05,375.1,3.28,0.74
2022-04-06,375.27,2.29,0.74
2022-04-07,375.38,1.74,0.74
2022-04-08,375.46,1.52,0.74
2022-04-09,375.51,1.18,0.74
2022-04-10,375.56,1.18,0.74
2022-04-11,375.59,1.07,0.74
2022-04-12,375.62,1.07,0.74
2022-04-13,375.64,0.96,0.74
2022-04-14,375.66,0.96,0.74
2022-04-15,375.68,0.96,0.74
2022-04-16,375.7,0.96,0.74
2022-04-17,375.72,0.85,0.74
2022-04-18,375.73,1.18,0.74
2022-04-19,375.78,1.18,0.74
2022-04-20,375.81,0.96,0.74
2022-04-21,375.83,0.96,0.74
2022-04-22,375.9,1.74,0.74
2022-04-23,375.95,1.18,0.74
2022-04-24,375.99,1.19,0.74
2022-04-25,376.03,1.08,0.74
2022-04-26,376.06,1.19,0.74
2022-04-27,376.1,1.08,0.74
2022-04-28,376.12,0.97,0.74
2022-04-29,376.16,1.98,0.74
2022-04-30,376.3,1.98,0.74
2022-05-01,376.39,1.64,0.74
2022-05-02,376.47,1.53,0.74
2022-05-03,376.52,1.3,0.74
2022-05-04,376.57,1.19,0.74
2022-05-05,376.61,1.19,0.74
2022-05-06,376.65,1.19,0.74
2022-05-07,376.68,1.08,0.74
2022-05-08,376.71,0.97,0.74
2022-05-09,376.74,1.19,0.74
2022-05-10,376.77,0.98,0.75
2022-05-11,376.79,0.9,0.79
2022-05-12,376.8,0.97,0.74
2022-05-13,376.83,1.2,0.75
2022-05-14,376.87,1.19,0.74
2022-05-15,376.9,0.97,0.74
2022-05-16,376.92,0.85,0.74
2022-05-17,376.93,0.97,0.74
2022-05-18,376.94,0.74,0.74
2022-05-19,376.95,0.85,0.74
2022-05-20,376.95,0.74,0.74
2022-05-21,376.96,0.85,0.74
2022-05-22,376.97,0.85,0.74
2022-05-23,376.97,0.74,0.74
2022-05-24,376.96,0.63,0.74
2022-05-25,376.96,0.74,0.74
2022-05-26,376.96,0.63,0.74
2022-05-27,377.02,2.34,0.75
2022-05-28,377.11,1.21,0.75
2022-05-29,377.14,0.86,0.75
2022-05-30,377.15,0.86,0.75
2022-05-31,377.15,0.94,1.4
2022-06-01,377.0,0.71,3.1
2022-06-02,376.78,0.63,3.1
2022-06-03,376.57,0.85,3.1
2022-06-04,376.37,0.61,3.09
2022-06-05,376.15,0.61,3.09
2022-06-06,376.04,3.99,3.09
2022-06-07,376.18,4.01,3.11
2022-06-08,376.18,2.63,3.08
2022-06-09,376.15,3.0,3.22
2022-06-10,376.12,3.29,3.51
2022-06-11,376.11,3.18,3.52
2022-06-12,376.1,3.41,3.52
2022-06-13,376.05,2.86,3.87
2022-06-14,375.93,2.98,4.64
2022-06-15,375.73,3.5,6.05
2022-06-16,375.49,3.17,6.05
2022-06-17,375.21,2.83,6.04
2022-06-18,374.92,2.76,6.04
2022-06-19,374.61,2.67,6.04
2022-06-20,374.29,2.45,6.04
2022-06-21,373.95,2.37,6.03
2022-06-22,373.63,2.23,5.44
2022-06-23,373.35,2.17,5.05
2022-06-24,373.09,1.99,4.44
2022-06-25,372.9,2.09,4.08
2022-06-26,372.7,1.98,4.08
2022-06-27,372.5,1.98,4.08
2022-06-28,372.29,1.88,4.08
2022-06-29,372.09,1.66,3.34
2022-06-30,371.97,1.23,2.39
2022-07-01,371.87,1.05,2.0
2022-07-02,371.78,1.05,2.0
2022-07-03,371.71,1.37,2.0
2022-07-04,371.66,1.21,1.31
2022-07-05,371.67,1.2,1.41
2022-07-06,371.64,1.26,1.15
2022-07-07,371.67,1.07,1.28
2022-07-08,371.6,1.05,2.0
2022-07-09,371.5,1.05,2.0
2022-07-10,371.4,0.94,2.31
2022-07-11,371.27,1.02,2.29
2022-07-12,371.17,2.0,1.9
2022-07-13,371.3,2.3,0.72
2022-07-14,371.5,3.36,0.72
2022-07-15,371.73,2.93,0.72
2022-07-16,371.9,2.54,1.59
2022-07-17,371.92,2.49,2.6
2022-07-18,371.89,1.99,2.41
2022-07-19,371.87,1.76,1.66
2022-07-20,371.9,1.64,1.32
2022-07-21,371.91,1.51,1.4
2022-07-22,371.93,1.52,1.31
2022-07-23,371.94,1.31,1.31
2022-07-24,371.94,1.31,1.31
2022-07-25,371.94,1.2,1.31
2022-07-26,371.93,1.2,1.31
2022-07-27,371.92,1.42,1.31
2022-07-28,371.96,2.89,2.15
2022-07-29,371.95,2.78,3.42
2022-07-30,371.91,2.03,2.46
2022-07-31,371.9,2.26,1.63
2022-08-01,371.98,4.62,4.3
2022-08-02,371.99,4.02,4.33
2022-08-03,371.91,2.73,3.46
2022-08-04,371.91,3.05,2.73
2022-08-05,371.88,2.71,3.24
2022-08-06,371.9,2.47,1.94
2022-08-07,371.93,2.26,1.94
2022-08-08,371.96,2.52,2.63
2022-08-09,371.88,2.12,2.86
2022-08-10,371.87,2.0,2.0
2022-08-11,371.87,1.79,2.0
2022-08-12,371.84,1.89,2.0
2022-08-13,371.83,2.11,2.0
2022-08-14,371.87,2.21,2.0
2022-08-15,371.86,1.68,2.0
2022-08-16,371.83,1.68,2.0
2022-08-17,371.79,1.64,1.95
2022-08-18,371.78,1.73,1.73
2022-08-19,371.76,1.23,2.08
2022-08-20,371.61,1.23,3.02
2022-08-21,371.44,1.1,2.79
2022-08-22,371.31,1.15,2.21
2022-08-23,371.22,1.12,2.28
2022-08-24,371.09,1.64,2.59
2022-08-25,371.02,1.47,2.21
2022-08-26,370.95,1.14,2.49
2022-08-27,370.75,0.95,3.44
2022-08-28,370.61,2.28,1.97
2022-08-29,370.69,1.76,1.65
2022-08-30,370.63,1.62,2.34
2022-08-31,370.58,1.89,2.2
2022-09-01,370.55,1.82,1.92
2022-09-02,370.62,1.86,0.72
2022-09-03,370.72,1.65,0.72
2022-09-04,370.8,1.55,0.72
2022-09-05,370.88,1.45,0.72
2022-09-06,370.95,1.45,0.72
2022-09-07,371.0,1.69,1.17
2022-09-08,371.11,2.22,0.75
2022-09-09,371.23,1.89,0.73
2022-09-10,371.34,1.89,0.73
2022-09-11,371.44,1.68,0.73
2022-09-12,371.52,1.57,0.73
2022-09-13,371.6,1.57,0.73
2022-09-14,371.67,1.36,0.73
2022-09-15,371.73,1.26,0.73
2022-09-16,371.78,1.36,0.93
2022-09-17,371.79,1.31,1.31
2022-09-18,371.89,5.41,2.98
2022-09-19,372.01,3.74,4.16
2022-09-20,371.98,4.38,4.07
2022-09-21,372.0,3.88,4.09
2022-09-22,371.96,3.53,4.06
2022-09-23,371.91,4.06,4.06
2022-09-24,372.32,9.72,2.9
2022-09-25,372.73,6.68,4.58
2022-09-26,372.8,5.09,5.09
2022-09-27,372.76,4.41,5.77
2022-09-28,372.48,4.26,8.14
2022-09-29,372.13,3.59,6.32
2022-09-30,371.99,2.87,3.5
2022-10-01,372.05,2.42,0.74
2022-10-02,372.2,2.2,0.73
2022-10-03,372.33,1.99,0.73
2022-10-04,372.45,1.99,0.73
2022-10-05,372.57,1.99,0.73
2022-10-06,372.7,2.1,0.73
2022-10-07,372.87,3.78,0.73
2022-10-08,373.19,3.29,0.73
2022-10-09,373.38,2.65,0.73
2022-10-10,373.58,2.76,0.73
2022-10-11,373.75,2.44,0.73
2022-10-12,373.89,2.22,0.73
2022-10-13,374.03,2.25,0.74
2022-10-14,374.18,2.48,0.74
2022-10-15,374.33,2.15,0.74
2022-10-16,374.46,2.15,0.74
2022-10-17,374.58,2.05,0.74
2022-10-18,374.71,2.37,0.74
2022-10-19,374.88,2.37,0.74
2022-10-20,375.01,2.16,0.73
2022-10-21,375.13,1.95,0.73
2022-10-22,375.24,1.95,0.73
2022-10-23,375.34,1.84,0.73
2022-10-24,375.47,2.39,0.73
2022-10-25,375.6,1.95,0.73
2022-10-26,375.7,1.73,0.73
2022-10-27,375.78,1.62,0.73
2022-10-28,375.87,1.62,0.73
2022-10-29,375.94,1.51,0.73
2022-10-30,376.01,1.51,0.73
2022-10-31,376.07,1.41,0.73
2022-11-01,376.13,1.41,0.73
2022-11-02,376.19,1.41,0.73
2022-11-03,376.25,1.29,0.73
2022-11-04,376.3,1.29,0.73
2022-11-05,376.34,1.18,0.73
2022-11-06,376.39,1.18,0.73
2022-11-07,376.43,1.18,0.73
2022-11-08,376.47,1.18,0.73
2022-11-09,376.5,1.07,0.73
2022-11-10,376.53,1.07,0.73
2022-11-11,376.56,1.07,0.73
2022-11-12,376.59,1.07,0.73
2022-11-13,376.62,1.07,0.73
2022-11-14,376.65,1.07,0.73
2022-11-15,376.67,0.96,0.74
2022-11-16,376.68,0.85,0.74
2022-11-17,376.69,0.74,0.74
2022-11-18,376.69,0.85,0.74
2022-11-19,376.7,0.74,0.74
2022-11-20,376.7,0.85,0.74
2022-11-21,376.73,1.08,0.74
2022-11-22,376.74,0.74,0.74
2022-11-23,376.78,2.09,0.74
2022-11-24,376.91,1.64,0.74
2022-11-25,376.96,1.08,0.74
2022-11-26,376.98,0.97,0.74
2022-11-27,377.0,0.98,0.75
2022-11-28,377.01,0.86,0.75
2022-11-29,377.03,1.09,0.75
2022-11-30,377.07,1.09,0.75
2022-12-01,377.08,0.86,0.75
2022-12-02,377.1,0.97,0.74
2022-12-03,377.12,0.95,0.72
2022-12-04,377.14,0.95,0.72
2022-12-05,377.16,0.95,0.72
2022-12-06,377.18,1.06,0.72
2022-12-07,377.21,0.83,0.72
2022-12-08,377.22,0.95,0.72
2022-12-09,377.24,0.84,0.72
2022-12-10,377.25,0.95,0.72
2022-12-11,377.26,0.83,0.72
2022-12-12,377.28,0.83,0.72
2022-12-13,377.29,0.95,0.72
2022-12-14,377.3,0.72,0.72
2022-12-15,377.31,0.84,0.72
2022-12-16,377.32,0.84,0.73
2022-12-17,377.32,0.84,0.73
2022-12-18,377.33,0.73,0.73
2022-12-19,377.33,0.73,0.73
2022-12-20,377.33,0.84,0.73
2022-12-21,377.34,0.73,0.73
2022-12-22,377.37,1.53,0.72
2022-12-23,377.42,0.84,0.73
2022-12-24,377.43,0.84,0.73
2022-12-25,377.44,0.84,0.73
2022-12-26,377.44,0.73,0.73
2022-12-27,377.45,0.84,0.73
2022-12-28,377.45,0.73,0.73
2022-12-29,377.46,0.84,0.73
2022-12-30,377.46,0.73,0.73
2022-12-31,377.46,0.73,0.73
2023-01-01,377.46,0.73,0.73
2023-01-02,377.46,0.73,0.73
2023-01-03,377.46,0.73,0.73
2023-01-04,377.46,0.73,0.73
2023-01-05,377.46,0.62,0.73
2023-01-06,377.45,0.73,0.73
2023-01-07,377.45,0.73,0.73
2023-01-08,377.45,0.61,0.73
2023-01-09,377.44,0.73,0.73
2023-01-10,377.44,0.62,0.73
2023-01-11,377.43,0.85,0.73
2023-01-12,377.43,0.38,0.72
2023-01-13,377.4,0.61,0.72
2023-01-14,377.4,0.72,0.72
2023-01-15,377.4,0.61,0.72
2023-01-16,377.4,0.85,0.73
2023-01-17,377.39,0.61,0.72
2023-01-18,377.39,0.61,0.72
2023-01-19,377.38,0.61,0.72
2023-01-20,377.37,0.72,0.72
2023-01-21,377.36,0.49,0.72
2023-01-22,377.35,0.61,0.72
2023-01-23,377.33,0.61,0.72
2023-01-24,377.33,0.61,0.72
2023-01-25,377.31,0.49,0.72
2023-01-26,377.29,0.5,0.73
2023-01-27,377.28,0.62,0.73
2023-01-28,377.26,0.49,0.72
2023-01-29,377.25,0.61,0.72
2023-01-30,377.23,0.49,0.72
2023-01-31,377.22,0.61,0.72
2023-02-01,377.2,0.62,0.96
2023-02-02,377.13,0.37,1.4
2023-02-03,377.07,0.58,1.04
2023-02-04,377.03,0.58,1.04
2023-02-05,376.99,0.59,1.04
2023-02-06,376.95,0.53,0.87
2023-02-07,376.93,0.5,0.72
2023-02-08,376.91,0.61,0.72
2023-02-09,376.89,0.38,0.72
2023-02-10,376.88,0.83,0.72
2023-02-11,376.88,0.5,0.72
2023-02-12,376.87,0.61,0.72
2023-02-13,376.86,0.72,0.72
2023-02-14,376.86,0.61,0.72
2023-02-15,376.85,0.5,0.72
2023-02-16,376.82,0.5,0.72
2023-02-17,376.8,0.63,0.97
2023-02-18,376.73,0.6,1.72
2023-02-19,376.63,0.59,1.72
2023-02-20,376.54,0.64,1.31
2023-02-21,376.5,0.4,0.74
2023-02-22,376.48,0.52,0.74
2023-02-23,376.46,0.52,0.74
2023-02-24,376.44,0.52,0.74
2023-02-25,376.42,0.52,0.74
2023-02-26,376.39,0.4,0.74
2023-02-27,376.37,0.52,0.74
2023-02-28,376.35,0.4,0.74
2023-03-01,376.32,0.51,0.74
2023-03-02,376.3,0.4,0.73
2023-03-03,376.27,0.51,0.73
2023-03-04,376.25,0.51,0.73
2023-03-05,376.23,0.51,0.73
2023-03-06,376.21,0.51,0.73
2023-03-07,376.19,0.4,0.73
2023-03-08,376.16,0.46,1.02
2023-03-09,376.07,0.6,1.72
2023-03-10,375.96,0.49,1.6
2023-03-11,375.91,0.51,0.73
2023-03-12,375.89,0.4,0.73
2023-03-13,375.87,0.62,0.73
2023-03-14,375.84,0.53,0.97
2023-03-15,375.8,0.42,0.98
2023-03-16,375.75,0.53,0.98
2023-03-17,375.72,0.52,0.74
2023-03-18,375.73,1.07,0.74
2023-03-19,375.74,0.74,0.74
2023-03-20,375.74,0.63,0.74
2023-03-21,375.72,0.52,0.74
2023-03-22,375.7,0.52,0.74
2023-03-23,375.69,0.73,0.73
2023-03-24,375.69,0.95,0.73
2023-03-25,375.75,1.73,0.73
2023-03-26,375.85,1.95,0.73
2023-03-27,375.95,1.62,0.73
2023-03-28,376.02,1.29,0.73
2023-03-29,376.06,1.07,0.73
2023-03-30,376.09,1.07,0.73
2023-03-31,376.11,0.96,0.73
2023-04-01,376.13,0.84,0.73
2023-04-02,376.14,0.84,0.73
2023-04-03,376.14,0.76,0.87
2023-04-04,376.11,0.77,1.22
2023-04-05,376.07,0.76,1.21
2023-04-06,376.03,0.76,1.21
2023-04-07,375.99,0.77,1.21
2023-04-08,375.95,0.66,1.21
2023-04-09,375.9,0.67,1.22
2023-04-10,375.85,0.77,1.22
2023-04-11,375.8,0.66,1.21
2023-04-12,375.75,0.66,1.21
2023-04-13,375.7,0.61,1.49
2023-04-14,375.6,0.73,1.73
2023-04-15,375.54,0.97,1.19
2023-04-16,375.54,0.79,0.79
2023-04-17,375.51,0.61,1.5
2023-04-18,375.41,0.73,1.73
2023-04-19,375.32,0.73,1.73
2023-04-20,375.23,0.62,1.73
2023-04-21,375.14,0.73,1.73
2023-04-22,375.04,0.62,1.73
2023-04-23,374.94,0.64,1.73
2023-04-24,374.84,0.64,1.73
2023-04-25,374.74,0.64,1.73
2023-04-26,374.65,0.86,1.73
2023-04-27,374.56,0.64,1.73
2023-04-28,374.46,0.64,1.73
2023-04-29,374.37,0.75,1.73
2023-04-30,374.27,0.64,1.73
2023-05-01,374.17,0.75,1.73
2023-05-02,374.08,0.64,1.73
2023-05-03,373.97,0.54,1.72
2023-05-04,373.87,0.65,1.72
2023-05-05,373.77,0.65,1.72
2023-05-06,373.66,0.55,1.72
2023-05-07,373.57,1.04,1.68
2023-05-08,373.61,1.9,0.73
2023-05-09,373.67,0.84,0.73
2023-05-10,373.67,0.73,0.73
2023-05-11,373.67,0.73,0.73
2023-05-12,373.67,0.62,0.73
2023-05-13,373.66,0.62,0.73
2023-05-14,373.65,0.73,0.73
2023-05-15,373.67,1.05,0.73
2023-05-16,373.68,0.73,0.73
2023-05-17,373.68,0.73,0.73
2023-05-18,373.68,0.73,0.73
2023-05-19,373.67,0.62,0.73
2023-05-20,373.67,0.73,0.73
2023-05-21,373.67,0.62,0.73
2023-05-22,373.66,0.84,0.73
2023-05-23,373.71,1.48,0.73
2023-05-24,373.76,0.94,0.73
2023-05-25,373.77,0.84,0.73
2023-05-26,373.78,0.84,0.73
2023-05-27,373.78,0.73,0.73
2023-05-28,373.78,0.84,0.73
2023-05-29,373.79,0.94,0.73
2023-05-30,373.83,1.05,0.73
2023-05-31,373.84,0.73,0.73
2023-06-01,373.85,0.84,0.73
2023-06-02,374.09,9.73,0.73
2023-06-03,375.23,11.07,0.73
2023-06-04,375.87,5.61,0.73
2023-06-05,376.19,3.66,1.63
2023-06-06,376.19,3.03,4.04
2023-06-07,376.08,2.58,4.04
2023-06-08,375.93,2.26,4.04
2023-06-09,375.82,3.05,4.04
2023-06-10,375.69,2.28,4.05
2023-06-11,375.54,2.5,4.05
2023-06-12,375.39,2.28,4.05
2023-06-13,375.23,2.39,4.05
2023-06-14,375.15,4.39,4.06
2023-06-15,375.18,3.83,4.38
2023-06-16,375.08,3.49,5.04
2023-06-17,374.9,2.87,5.04
2023-06-18,374.69,2.54,5.04
2023-06-19,374.44,2.48,5.63
2023-06-20,374.05,2.24,6.99
2023-06-21,373.65,1.7,5.22
2023-06-22,373.39,2.45,5.12
2023-06-23,373.1,2.09,4.76
2023-06-24,372.92,2.14,4.03
2023-06-25,372.74,1.97,3.76
2023-06-26,372.58,1.85,3.53
2023-06-27,372.42,1.75,3.53
2023-06-28,372.24,1.64,3.53
2023-06-29,372.07,1.43,3.32
2023-06-30,371.95,1.57,2.52
2023-07-01,371.88,1.73,2.25
2023-07-02,371.86,1.48,1.48
2023-07-03,371.87,1.99,1.25
2023-07-04,372.01,4.47,4.16
2023-07-05,371.88,2.28,3.76
2023-07-06,371.8,1.91,2.12
2023-07-07,371.82,1.77,1.45
2023-07-08,371.85,1.72,1.4
2023-07-09,371.83,1.78,2.2
2023-07-10,371.82,1.5,1.5
2023-07-11,371.83,1.39,1.07
2023-07-12,371.87,1.3,1.09
2023-07-13,371.87,1.47,1.57
2023-07-14,371.85,1.18,1.18
2023-07-15,371.87,1.18,1.07
2023-07-16,371.87,1.23,1.23
2023-07-17,371.86,1.02,1.12
2023-07-18,371.87,1.15,1.04
2023-07-19,371.87,1.04,1.04
2023-07-20,371.87,1.15,1.04
2023-07-21,371.89,1.15,1.04
2023-07-22,371.9,1.15,1.04
2023-07-23,371.9,0.93,1.04
2023-07-24,371.89,0.93,1.04
2023-07-25,371.88,0.83,1.04
2023-07-26,371.85,0.83,1.04
2023-07-27,371.84,0.93,1.04
2023-07-28,371.82,0.78,1.1
2023-07-29,371.77,0.78,1.52
2023-07-30,371.7,0.88,1.52
2023-07-31,371.63,0.94,1.68
2023-08-01,371.52,0.9,2.48
2023-08-02,371.42,0.87,1.4
2023-08-03,371.39,0.63,0.74
2023-08-04,371.38,0.83,1.47
2023-08-05,371.26,0.9,2.58
2023-08-06,371.01,0.9,4.04
2023-08-07,370.7,0.7,4.02
2023-08-08,370.39,0.7,4.02
2023-08-09,370.15,2.01,3.57
2023-08-10,370.0,1.28,3.03
2023-08-11,369.79,0.93,3.48
2023-08-12,369.51,0.85,4.01
2023-08-13,369.21,1.97,4.01
2023-08-14,369.42,6.57,0.86
2023-08-15,370.23,9.69,0.72
2023-08-16,370.78,4.35,0.72
2023-08-17,371.05,3.03,0.72
2023-08-18,371.24,2.41,0.72
2023-08-19,371.38,2.09,0.72
2023-08-20,371.5,1.77,0.72
2023-08-21,371.59,1.77,0.72
2023-08-22,371.67,1.57,1.05
2023-08-23,371.68,1.5,1.71
2023-08-24,371.64,1.4,2.25
2023-08-25,371.52,1.46,3.25
2023-08-26,371.31,1.57,3.78
2023-08-27,371.08,1.42,4.05
2023-08-28,370.82,1.22,4.02
2023-08-29,370.54,1.01,4.02
2023-08-30,370.26,1.12,4.02
2023-08-31,369.98,1.04,4.02
2023-09-01,369.68,1.06,4.02
2023-09-02,369.39,0.96,4.02
2023-09-03,369.09,0.97,4.02
2023-09-04,369.11,6.14,1.97
2023-09-05,369.45,2.56,0.72
2023-09-06,369.55,2.41,2.61
2023-09-07,369.48,1.83,2.03
2023-09-08,369.82,10.78,2.36
2023-09-09,370.65,8.05,2.03
2023-09-10,371.07,5.13,1.45
2023-09-11,371.4,3.78,0.72
2023-09-12,371.65,3.09,0.99
2023-09-13,371.81,2.77,1.51
2023-09-14,371.87,2.42,2.21
2023-09-15,371.84,2.43,3.49
2023-09-16,371.71,2.16,2.8
2023-09-17,371.71,1.93,1.93
2023-09-18,371.71,1.82,1.93
2023-09-19,371.7,1.7,1.7
2023-09-20,371.71,1.65,1.54
2023-09-21,371.72,1.75,1.54
2023-09-22,371.73,1.82,1.61
2023-09-23,371.72,3.37,3.37
2023-09-24,371.75,2.63,2.84
2023-09-25,371.72,1.89,1.57
2023-09-26,371.8,1.68,0.73
2023-09-27,371.88,1.6,1.07
2023-09-28,371.9,1.51,1.62
2023-09-29,371.89,1.51,1.62
2023-09-30,371.89,1.37,1.06
2023-10-01,371.95,1.67,0.72
2023-10-02,372.03,1.35,0.72
2023-10-03,372.08,1.14,0.72
2023-10-04,372.14,1.46,0.72
2023-10-05,372.19,1.14,0.72
2023-10-06,372.24,1.14,0.72
2023-10-07,372.27,1.04,0.72
2023-10-08,372.3,1.04,0.72
2023-10-09,372.36,1.77,0.72
2023-10-10,372.48,2.09,0.72
2023-10-11,372.58,1.46,0.72
2023-10-12,372.64,1.35,0.72
2023-10-13,372.7,1.25,0.72
2023-10-14,372.74,1.14,0.72
2023-10-15,372.81,1.77,0.72
2023-10-16,372.9,1.46,0.72
2023-10-17,372.96,1.14,0.72
2023-10-18,373.0,1.04,0.72
2023-10-19,373.04,1.15,0.72
2023-10-20,373.07,1.04,0.72
2023-10-21,373.1,1.04,0.72
2023-10-22,373.12,0.93,0.72
2023-10-23,373.14,0.93,0.72
2023-10-24,373.17,1.04,0.72
2023-10-25,373.18,0.85,1.17
2023-10-26,373.12,0.95,1.7
2023-10-27,373.05,0.96,1.6
2023-10-28,373.01,1.0,1.21
2023-10-29,372.98,0.79,1.21
2023-10-30,372.95,0.9,1.21
2023-10-31,372.91,0.9,1.21
2023-11-01,372.88,0.85,1.38
2023-11-02,372.8,0.77,1.71
2023-11-03,372.72,0.87,1.71
2023-11-04,372.64,0.87,1.71
2023-11-05,372.55,0.77,1.71
2023-11-06,372.47,0.87,1.71
2023-11-07,372.43,1.2,1.1
2023-11-08,372.45,0.83,0.72
2023-11-09,372.45,0.83,0.72
2023-11-10,372.46,0.72,0.72
2023-11-11,372.46,0.72,0.72
2023-11-12,372.45,0.62,0.72
2023-11-13,372.44,0.71,1.13
2023-11-14,372.36,0.76,1.92
2023-11-15,372.24,0.95,2.21
2023-11-16,372.11,0.85,2.21
2023-11-17,372.06,1.81,1.28
2023-11-18,372.11,0.93,0.72
2023-11-19,372.13,0.83,0.72
2023-11-20,372.14,0.83,0.72
2023-11-21,372.14,0.72,0.93
2023-11-22,372.1,0.8,1.22
2023-11-23,372.06,0.8,1.22
2023-11-24,372.01,0.69,1.22
2023-11-25,371.96,0.58,1.21
2023-11-26,371.91,0.79,1.21
2023-11-27,371.86,0.7,1.33
2023-11-28,371.78,0.66,1.71
2023-11-29,371.68,0.66,1.71
2023-11-30,371.58,0.64,1.59
2023-12-01,371.51,0.58,1.21
2023-12-02,371.45,0.68,1.21
2023-12-03,371.4,0.58,1.21
2023-12-04,371.35,0.56,0.99
2023-12-05,371.33,0.72,0.72
2023-12-06,371.32,0.61,0.72
2023-12-07,371.31,0.51,0.72
2023-12-08,371.3,0.61,0.72
2023-12-09,371.29,0.61,0.72
2023-12-10,371.27,0.61,0.72
2023-12-11,371.26,0.61,0.72
2023-12-12,371.26,0.72,0.72
2023-12-13,371.25,0.61,0.72
2023-12-14,371.24,0.51,0.72
2023-12-15,371.23,0.72,0.72
2023-12-16,371.22,0.61,0.72
2023-12-17,371.22,0.61,0.72
2023-12-18,371.2,0.51,0.72
2023-12-19,371.18,0.59,1.01
2023-12-20,371.11,0.67,1.51
2023-12-21,371.02,0.46,1.51
2023-12-22,370.92,0.48,1.52
2023-12-23,370.82,0.59,1.52
2023-12-24,370.73,0.48,1.52
2023-12-25,370.63,0.48,1.52
2023-12-26,370.53,0.48,1.52
2023-12-27,370.43,0.58,1.52
2023-12-28,370.34,0.48,1.52
2023-12-29,370.24,0.48,1.51
2023-12-30,370.14,0.58,1.51
2023-12-31,370.04,0.47,1.51
