year,month,visitors
2003,1,450847
2003,2,394869
2003,3,456614
2003,4,354054
2003,5,288562
2003,6,352431
2003,7,515692
2003,8,550380
2003,9,457574
2003,10,527859
2003,11,444435
2003,12,418408
2004,1,538334
2004,2,417519
2004,3,488778
2004,4,546662
2004,5,500830
2004,6,505003
2004,7,610190
2004,8,567869
2004,9,481570
2004,10,539353
2004,11,486403
2004,12,455394
2005,1,516280
2005,2,519460
2005,3,557640
2005,4,584406
2005,5,530752
2005,6,551134
2005,7,669172
2005,8,618655
2005,9,540462
2005,10,599539
2005,11,526229
2005,12,514197
2006,1,613596
2006,2,513906
2006,3,579197
2006,4,672319
2006,5,586326
2006,6,557600
2006,7,701527
2006,8,655488
2006,9,573627
2006,10,699605
2006,11,595069
2006,12,585817
2007,1,617885
2007,2,631278
2007,3,684654
2007,4,714014
2007,5,664489
2007,6,631874
2007,7,807737
2007,8,757473
2007,9,689183
2007,10,785207
2007,11,686747
2007,12,676428
2008,1,711350
2008,2,696326
2008,3,731619
2008,4,779909
2008,5,736122
2008,6,681563
2008,7,825012
2008,8,742022
2008,9,641235
2008,10,738832
2008,11,553491
2008,12,513354
2009,1,580673
2009,2,408628
2009,3,568586
2009,4,626313
2009,5,485713
2009,6,424427
2009,7,632722
2009,8,679586
2009,9,535544
2009,10,655481
2009,11,565089
2009,12,626896
2010,1,640346
2010,2,664982
2010,3,709684
2010,4,788212
2010,5,721348
2010,6,677064
2010,7,878582
2010,8,802725
2010,9,717756
2010,10,727278
2010,11,634818
2010,12,648380
2011,1,714099
2011,2,679393
2011,3,352676
2011,4,295826
2011,5,357783
2011,6,432883
2011,7,561489
2011,8,546503
2011,9,538727
2011,10,615701
2011,11,551571
2011,12,572101
2012,1,681786
2012,2,546451
2012,3,676662
2012,4,779481
2012,5,667046
2012,6,682932
2012,7,847194
2012,8,774239
2012,9,658239
2012,10,705848
2012,11,648548
2012,12,689679
2013,1,668610
2013,2,729460
2013,3,857024
2013,4,923017
2013,5,875408
2013,6,901066
2013,7,1003032
2013,8,906379
2013,9,866966
2013,10,928560
2013,11,839891
2013,12,864491
2014,1,944009
2014,2,880020
2014,3,1050559
2014,4,1231471
2014,5,1097211
2014,6,1055273
2014,7,1270048
2014,8,1109569
2014,9,1099102
2014,10,1271705
2014,11,1168427
2014,12,1236073
2015,1,1218393
2015,2,1386982
2015,3,1525879
2015,4,1764691
2015,5,1641734
2015,6,1602198
2015,7,1918356
2015,8,1817023
2015,9,1612208
2015,10,1829265
2015,11,1647550
2015,12,1773130
2016,1,1851895
2016,2,1891375
2016,3,2009550
2016,4,2081697
2016,5,1893574
2016,6,1985722
2016,7,2296451
2016,8,2049234
2016,9,1918246
2016,10,2135904
2016,11,1875404
2016,12,2050648
2017,1,2295668
2017,2,2035771
2017,3,2205664
2017,4,2578970
2017,5,2294717
2017,6,2346442
2017,7,2681518
2017,8,2477428
2017,9,2280406
2017,10,2595148
2017,11,2378079
2017,12,2521262
2018,1,2501409
2018,2,2509297
2018,3,2607956
2018,4,2900718
2018,5,2675052
2018,6,2704631
2018,7,2832040
2018,8,2578021
2018,9,2159595
2018,10,2640610
2018,11,2450751
2018,12,2631776
2019,1,2689339
2019,2,2604322
2019,3,2760136
2019,4,2926685
2019,5,2773091
2019,6,2880041
2019,7,2991189
2019,8,2520134
2019,9,2272883
2019,10,2496568
2019,11,2441274
2019,12,2526387
2020,1,2661022
2020,2,1085147
2020,3,193658
2020,4,2917
2020,5,1663
2020,6,2565
2020,7,3782
2020,8,8658
2020,9,13684
2020,10,27386
2020,11,56673
2020,12,58673
2021,1,46522
2021,2,7355
2021,3,12276
2021,4,10853
2021,5,10035
2021,6,9251
2021,7,51055
2021,8,25916
2021,9,17720
2021,10,22113
2021,11,20682
2021,12,12084
2022,1,17766
2022,2,16719
2022,3,66121
2022,4,139548
2022,5,147046
2022,6,120430
2022,7,144578
2022,8,169902
2022,9,206641
2022,10,498646
2022,11,934599
2022,12,1370114
2023,1,1497472
2023,2,1475455
2023,3,1817616
2023,4,1949236
2023,5,1899176
2023,6,2073441
2023,7,2320694
2023,8,2157190
2023,9,2184442
2023,10,2516623
2023,11,2440890
2023,12,2734115
2024,1,2688478
2024,2,2788224
2024,3,3081781
2024,4,3043003
2024,5,3040294
2024,6,3140642
2024,7,3292602
2024,8,2933381
2024,9,2872487
2024,10,3312193
2024,11,3187175
2024,12,3489888
2025,1,3781629
2025,2,3258491
2025,3,3497755
2025,4,3909128
2025,5,3693587
2025,6,3377985
2025,7,3437118
2025,8,3428406
2025,9,3267228
2025,10,3896524
2025,11,3517659
2025,12,3617791
2026,1,3597881
2026,2,3466848
2026,3,3619159
2026,4,3692364
2026,5,3560256
2026,6,3148754
2026,7,3442100
2026,8,3098900
