year,total_population_thousand,note
1920,55963,census
1921,56666,
1922,57390,
1923,58119,
1924,58876,
1925,59737,census
1926,60741,
1927,61659,
1928,62595,
1929,63461,
1930,64450,census
1931,65457,
1932,66434,
1933,67432,
1934,68309,
1935,69254,census
1936,70114,
1937,70630,
1938,71013,
1939,71380,
1940,71933,adjusted_1940_census
1941,72218,
1942,72880,
1943,73903,
1944,74433,
1945,72147,adjusted_1945_survey
1946,75750,
1947,78101,extraordinary_census_1947
1948,80002,
1949,81773,
1950,83200,census
1951,84541,
1952,85808,
1953,86981,
1954,88239,
1955,89276,census
1956,90172,
1957,90928,
1958,91767,
1959,92641,
1960,93419,census
1961,94287,
1962,95181,
1963,96156,
1964,97182,
1965,98275,census
1966,99036,
1967,100196,
1968,101331,
1969,102536,
1970,103720,census
1971,105145,
1972,107595,
1973,109104,
1974,110573,
1975,111940,census
1976,113094,
1977,114165,
1978,115190,
1979,116155,
1980,117060,census
1981,117902,
1982,118728,
1983,119536,
1984,120305,
1985,121049,census
1986,121660,
1987,122239,
1988,122745,
1989,123205,
1990,123611,census
1991,124101,
1992,124567,
1993,124938,
1994,125265,
1995,125570,census
1996,125859,
1997,126157,
1998,126472,
1999,126667,
2000,126926,census
2001,127316,
2002,127486,
2003,127694,
2004,127787,
2005,127768,census
2006,127901,
2007,128033,
2008,128084,
2009,128032,
2010,128057,census
2011,127834,
2012,127593,
2013,127414,
2014,127237,
2015,127095,census
2016,127042,
2017,126919,
2018,126749,
2019,126555,
2020,126146,census
